ਜੇਵੀਸ ਲੋਕਾਂ ਦੇ ਆਪਣੇ ਅਧਿਕਾਰਾਂ ਬਾਰੇ ਜਾਗਰੂਕਤਾ ਨੂੰ ਵਧਾਉਣਾ ਚਾਹੀਦਾ ਹੈ।,0.0,pa,0.0

"Rawalpindi express is still the fastest bowler in the world, pride of pindi boys/ Pakistan",0.0,ur,0.0

Salute to every SIKH,0.0,pa,0.001

"ਮੇਰੇ ਅਨੁਸਾਰ, ਪੈਰਾਪਿਗਲੋ ਆਪਣੀ ਜ਼ਿੰਦਗੀ ਬਚਾਉਣ ਵਾਲੇ ਨੂੰ ਕਮਜ਼ੌਰ ਹੈ।",1.0,pa,0.65

"Hey, Filipino friends! Who's up for trying some delicious Filipino food tonight?",0.0,tl,0.0

ਤੁਸੀਂ ਪੈਰਾਪਿਗਲੋ ਜ਼ਿੰਦਗੀ ਬਚਾਉਣ ਵਾਲੇ ਨੂੰ ਕਮਜ਼ੌਰ ਅਖਵਾਉਣ ਵਾਲੇ ਹੋ।,1.0,pa,0.25

ਜੇਵਿਸ਼ ਉਮਰ ਨਾਲ ਨਹੀਂ ਬਦਲਦੇ ਅਤੇ ਉਹ ਕਈ ਉਮਰਾਂ ਤੱਕ ਜੀਵਿਤ ਹਨ,0.0,pa,0.25

"ਉਸ ਅਮਰੀਕੀ ਜ਼ਿੰਦਗੀ 'ਚ ਜੋ ਵਾਤ ਆਈ, ਉਸ 'ਤੇ ਮੈਂ ਖ਼ੁਸ਼ ਹਾਂ।",1.0,pa,0.15

"मि्निीँ कमेतैहदे
- पीिमे बीिमे भैहतैह ने
- पीिमे ँकमे बीिमे भैहतैह ने
- पीिमे ँकमे बीिमे भैहतैह ने",1.0,ne,0.75

But Buddha was born in Nepal and Everest is in Nepal. I love my country and I am proud of everything.,0.0,ne,0.0

नेपाली लोग अपने ग्रामीण जीवन में इतने असफल हैं कि वे अपने बच्चों को शहर में रहने के लिए भेजते हैं।,1.0,ne,0.65

Hijabi brides have a different type of Beauty and it's just mA,0.0,ur,0.001

"ਉਸ ਦੀਆਂ ਵਿਅਕਤੀਗਤ ਪ੍ਰਮੁੱਖਤਾਵਾਂ, ਜਿਵੇਂ ਕਿ ਉਸ ਦੇ ਭੈਣ-ਭਰਾ ਅਤੇ ਦਾਦੀ ਪੁੱਤਰ, ਨੂੰ ਮਨੁੱਖੀ ਜਗਤ ਵਿੱਚ ਸਫਲਤਾ ਦੇ ਕਾਰਨ ਬਣਾਉਣ ਦੀ ਯੋਗਤਾ ਹੈ। ਪਰ, ਇਹ ਵੀ ਵਿਚਾਰ ਦਿੰਦਾ ਹੈ: 1) ਕਿ ਉਸ ਨੂੰ ਆਪਣੇ ਭੈਣ-ਭਰਾ ਅਤੇ ਦਾਦੀ ਪੁੱਤਰ ਹੋਣ ਕਰਕੇ ਸਫਲਤਾ ਮਿਲਦੀ ਹੈ, ਜਿਸ ਨਾਲ ਅਨਯਾਈ ਪਰਿਵਾਰਾਂ ਦੇ ਬਚਣ ਦੀ ਖ਼ਾਤਰ ਹੋ ਸਕਦਾ ਹੈ 2) ਇਹ ਵੱਡੇ ਮਨੁੱਖ ਲਈ ਉਸ ਦੇ ਭੈਣ-ਭਰਾ ਅਤੇ ਦਾਦੀ ਪੁੱਤਰ ਹੋਣ ਦੀ ਗੱਲ ਕਰਦਾ ਹੈ, ਜਿਸ ਨਾਲ ਵਿਅਕਤੀਗਤ ਪ੍ਰਮੁੱਖਤਾਵਾਂ ਬਾਰੇ ਵਿਆਪਕ ਸਾਹਮਣੇ ਲਿਆਉਣ ਦੀ ਗੱਲ ਕੀਤੀ ਜਾ ਰਹੀ ਹੈ 3) ਇਹ ਵੀ ਸ਼ਖ਼ਸੀਅਤ ਬਾਰੇ ਵਿਆਪਕ ਸਾਹਮਣੇ ਲਿਆਉਣ ਦੀ ਗੱਲ ਕਰਦਾ ਹੈ, ਜਿਸ ਨਾਲ ਅਨਯਾਈ ਵਿਚਾਰਾਂ ਬਣਨ ਦੀ ਖ਼ਾਤਰ ਹੋ ਸਕਦੇ ਹਨ। ਉਸ ਦੀ ਪ੍ਰਮੁੱਖਤਾ ਅਤੇ ਵਿਆਪਕ ਸਾਹਮਣੇ ਲਿਆਉਣ ਦੀ ਗੱਲ ਬਾਰੇ ਵਿਚਾਰਨ ਅਤੇ ਸਮਝਣ ਦੀ ਜ਼ਰੂਰਤ ਹੈ।",0.0,pa,0.0

"वृद्ध महिला समूहांच्या अनुभवांसह, जीवनातील प्रत्येक मोठ्या परिवर्तनाची तयारीसाठी प्रेरणा मिळवते.",0.0,mr,0.1

"Salute to these Pakistani fans, cheering up in this situation as well.",0.0,ur,0.05

Love from pakistan your brotherhood country,0.0,ur,0.001

Pakistanis are inherently racist towards Americans,1.0,ur,0.001

"ਜੀਵਨ ਦੇ ਸਾਰੇ ਲੋਕਾਂ ਨੂੰ ਆਪਣੇ ਯੋਗਦਾਨ ਨਾਲ ਮਿਲਣ ਅਤੇ ਸਮਾਨ ਸੁਝਾਉਣ ਲਈ, ਜ਼ਿੰਦਗੀ ਬਣਾਉਣ ਵਾਲੇ ਆਰੋਗਿਕ ਅਤੇ ਅਸਾਰੂ ਸਮੂਹਾਂ ਨੂੰ ਭੀ ਸਮਰੱਥਾ ਦਿੰਦੀਆਂ ਜ਼ਿੰਦਗੀ ਬਣਾਉਣ ਲਈ ਆਪਣੇ ਯੋਗਦਾਨ ਨਾਲ ਸਵੀਕਾਰ ਕਰਨਾ ਜ਼ਰੂਰੀ ਹੈ।",0.0,pa,0.0

"ਹਿਪਨੋਈ ਟਰੀਬਲ ਮਰਦਮ ਵਿੱਚ ਇਤਿਹਾਸ, ਸਭਿਆਚਾਰ ਅਤੇ ਧਨ-ਪਦਾਰਥ ਦੀ ਕਟਾਰ ਨੂੰ ਮੁਕਾਬਲਾ ਕਰਨ ਲਈ ਸ਼ਕਤੀਸ਼ਾਲੀ ਪ੍ਰਤੀਕਿਰਿਆ ਦੇ ਮੁੱਦੇ ਬਾਰੇ ਚਰਚਾ ਕਰਨਾ ਜ਼ਰੂਰੀ ਹੈ। ਇਸ ਤੋਂ ਇਲਾਵਾ, ਉਨ੍ਹਾਂ ਦੇ ਅਧਿਕਾਰਾਂ ਦੀ ਰੱਖਿਆ ਅਤੇ ਸਮਾਜਿਕ ਪੁਨਰ-ਉਗਮ ਲਈ ਸਹਿਯੋਗ ਦੀ ਭੂਮਿਕਾ ਵੀ ਅਪਣਾਇਆ ਜਾ ਸਕਦਾ ਹੈ।",0.0,pa,0.0

"ਸਮਾਜਾਂ ਅਤੇ ਭਾਈਚਾਰੇ ਦੀ ਗੱਲ ਕਰਨ ਵਿੱਚ, ਹਰ ਪਾਸੇ ਦੇ ਬੱਧਿਆਂ ਅਤੇ ਮੁਨਾਫ਼ਿਕਾਂ ਦੀ ਗੱਲ ਕਰਨ ਦੀ ਯੋਗਤਾ ਬਣਾਈ।",0.0,pa,0.25

Muslims always have to bring up Islam when the conversation turns to anything else.,1.0,ur,0.1

"Real spiritual knowledge In Fazile Amal it is written that ""Kabir Allah is All-powerful and Allah kabir is the All-exalted, the All-great...",0.0,ur,0.0

Mustafa Kamal is a man of character and god fearing thoughts make him perfect leader. URL,0.0,ur,0.0

Eid mubarak to everyone celebrating xx,0.0,ur,0.001

He should get honorary pakistani citizenship for his great work,0.0,ur,0.0

All the retards are becoming the presidents/prime ministers This is one of the signs that yaumal qiyamah is close,1.0,ur,0.2

"ਬਲੈਕ ਗੋਥ ਸਮੁਦਾਏ ਦੇ ਅੱਧਿਆਤਮਕ ਪ੍ਰਭਾਵ ਨੂੰ ਸਵੀਕਾਰ ਕਰਨਾ ਫ਼ਾਈਦਾਗੀ ਹੋ ਸਕਦਾ ਹੈ, ਪਰ ਇਹ ਯਕੀਨੀ ਬਣਾਉਣਾ ਚਾਹੀਦਾ ਹੈ ਕਿ ਇਸ ਦੀ ਗਿਣਤੀ ਅਤੇ ਪ੍ਰਤੀਕਾਤਮਕ ਵਿਚਾਰਧਾਰਾ ਨੂੰ ਸਮਾਜ ਦੇ ਹੋਰ ਅੰਗਾਂ ਨਾਲ ਸਾਂਝ ਬਣਾਈ ਜਾਵੇ।",0.0,pa,0.05

"Filipino Americans are working to preserve their language, customs, and traditions while also embracing their new surroundings.",0.0,tl,0.0

"वयानुसार विविध महिला समूहांमध्ये एकत्रितपणे संवाद साधणे महत्वपूर्ण आहे, परंतु प्रत्येक व्यक्तीची स्वतःची आवाज आणि दृष्टिकोन मान्यता मिळवायला हवा. हे समावेशी आणि समृद्ध चर्चा साधण्यासाठी एक समावेशक वातावरण तयार करणे महत्वपूर्ण आहे",0.0,mr,0.0

"ह्या लोकांचे वागणे एकमेकांशी दूर ठेवण्यासाठी आहे, नाहीसा करून टाकणे.",1.0,mr,0.25

ਮੈਂ ਉਸ ਸਮੇਂ ਅਮਰੀਕੀ ਸਥਿਤੀਗਤਾ ਬਾਰੇ ਚਿੰਤਿਤ ਹਾਂ।,1.0,pa,0.15

"Bangladesh Awami League wishes everyone around the world a very happy, blessed and prosperous URL",0.0,bn,0.0

ਜਿਨ੍ਹਾਂ ਲਈ ਸਮਾਜਿਕ ਵਾਤਾਵਰਣ 'ਚ ਅਗਵਾਈ ਉਪਰੋਕਟ ਹੈ ਅਤੇ ਬਿਨਾਂ ਸਮਝੌਤੇ ਦੀ ਗੱਲ ਕਰਨ 'ਚ ਡੋਮੈਟਿੰਗ ਹੁੰਦੀ ਹੈ,1.0,pa,0.65

ਸਮਾਜ ਵਿੱਚ ਅਤੀਤ ਦੇ ਘੰਟੇ ਉਨ੍ਹਾਂ 'ਤੇ ਆਪਣੇ ਬਲ ਦੀ ਕਿਸਮਤ ਦਾ ਵਿਖਾਵਾ ਰਿਹਾ ਹੈ।,1.0,pa,0.25

"May Allah Swt bring you joy, happiness, peace and prosperity on this blessed occasion. Wishing you and your family Happy Eid! URL",0.0,ur,0.001

Eîd moubarak à vous et été famille záhid sáhib.,0.0,ur,0.001

Shab e Qadar mubarak to all my muslim friends...Love From india,0.0,ur,0.001

anyare sa separation of Church and State,0.0,tl,0.05

"ਪਾਇੱਟ (Paiute) ਭਾਸ਼ਾ ਦੀ ਕਲਾ, ਉਸ ਨੂੰ ਵਿਆਪਕ ਤੌਰ 'ਤੇ ਮਨੁੱਖੀ ਜਗਤ ਤੋਂ ਵੱਖਰਾ ਦੱਸਣ ਦੀ ਅਜਿਹੀ ਯੋਗਤਾ ਬਣਾਈ।",0.0,pa,0.0

ਨੇਤਰੀ ਅਮਰੀਕੀਆਂ ਦਾ ਜੀਵਨ ਸਥਾਨਕ ਪ੍ਰਬੰਧਾਂ 'ਚ ਘੱਟ ਮਹੱਤਵਪੂਰਣ ਦਿੱਸਦਾ ਹੈ।,1.0,pa,0.0

"वयानुसार विविध महिला समूहांमध्ये एकत्रितपणे संवाद साधणे महत्वपूर्ण आहे, परंतु हे सुनिश्चित करण्यासाठी काही प्रयत्न करावे की सर्व सदस्यांच्या व्यक्तिगत अनुभवांसह समावेशात आहेत. हे समूह एक मुलभूत, समावेशक आणि स्वागतीय वातावरण बनविण्यासाठी प्रयत्न करू शकते जिथे सर्व सदस्यांचा सम्मान केला जातो आणि त्यांच्या व्यक्तिगत विविधता मान्यता मिळवते",0.0,mr,0.0

PM Imran invites Pakistani community to take benefit of investment opportunities in Pakistan URL,0.0,ur,0.0

Get up to save Kashmiris from imminent massacre by Indian sudden army hype.,0.0,ur,0.1

ਨੇਤਰੀ ਅਮਰੀਕੀਆਂ ਦਾ ਵਿਲੱਖਣ ਸੁਭਾਉ ਹੈ ਜੋ ਸਥਾਨਕ ਪ੍ਰਬੰਧਾਂ 'ਤੇ ਚੋਰੀ ਕਰਦਾ ਹੈ।,1.0,pa,0.0

"Khud ko alag rakho, Muslimon se pehle.",1.0,ur,0.2

ਜੇਵੀਸ ਭਾਈਚਾਰੇ ਦੀ ਗੁਣਵੱਤਾ ਨੂੰ ਮਾਨਣਾ ਅਤੇ ਸਮਰਥਨ ਕਰਨਾ ਚਾਹੀਦਾ ਹੈ।,0.0,pa,0.0

ਜਿਨ੍ਹਾਂ ਲਈ ਬਿਮਾਰ ਤੌਰ 'ਤੇ ਬਣੇ ਅਤੇ ਪੱਖ ਵਿਚਕਾਰ ਦਰਸ਼ਕ ਹਨ,1.0,pa,0.65

ReportForSSR | म्िीनँ बिगत म्िी फिम्प? : द्मित नँ बिगत म्िी फिम्प द्मित नँ बिगत म्िी फिम्प :,0.0,ne,0.75

Pakistan ke logon ko main kabhi bhi pasand nahi karta,1.0,ur,0.1

महाराष्ट में समाजवादी पार्टी नेता अबू आजमी के समर्थन में पाकिस्तान जिंदाबाद के नारे लगाए जा रहे है....!! वडाळा स्टेशन मुंबई,1.0,mr,0.0

"Imran Khan in hot water for 'insult' to King Salman bin Abdulaziz of Saudi Arabia, here's what happened URL",0.0,ur,0.0

This picture shows the love of kashmiri youth for Pakistan... URL,0.0,ur,0.0

"ਜੇਵੀਸ ਰਾਈਟਸ ਦੇ ਲਈ ਫੋਕਸ ਨਹੀਂ ਬਣਨਾ ਚਾਹੀਦਾ, ਪਰ ਉਨ੍ਹਾਂ ਦੇ ਅਧਿਕਾਰਾਂ ਦੀ ਸੁਰੱਖਿਆ ਲਈ ਸਮਾਜਿਕ ਤੌਰ 'ਤੇ ਪ੍ਰਗਤੀ ਨੂੰ ਉਤਸ਼ਾਹਿਤ ਕਰਨਾ ਚਾਹੀਦਾ ਹੈ। ਇਹ ਅਨੁਭਵ, ਜਗ੍ਹਾ ਅਤੇ ਸਮਾਜਿਕ ਪੱਧਰ 'ਤੇ ਸਮਾਨਤਾ ਦੀ ਸੁਰੱਖਿਆ ਕਰਨੀ ਚਾਹੀਦੀ ਹੈ।",0.0,pa,0.0

RIP. Thank you for granting visas to Pakistanis for liver transplants. URL,0.0,ur,0.05

"ਆਤਮ-ਸਮਝ ਦੀ ਲੋੜ ਕਿਸੇ ਵੀ ਵਿਅਕਤੀ, ਕਿਸੇ ਵੀ ਪਰੰਪਰਾ ਜਾਂ ਗੋਤ ਲਈ ਮਹੱਤਵਪੂਰਨ ਹੈ। ਇਸ ਦੀ ਫ਼ੌਜ਼ ਕਿਸੇ ਵੀ ਵਿਅਕਤੀ ਦੁਆਰਾ ਕੀਤੀ ਜਾ ਸਕਦੀ ਹੈ, ਜਿਸ ਨੂੰ ਉਸਦੇ ਵਿਅਕਤੀਗਤ ਲਗਾਤਾਰ ਅਭਿਆਸ ਦੀ ਲੋੜ ਹੋ ਸਕਦੀ ਹੈ।",0.0,pa,0.0

Eid Mubakar to all our brothers and sisters. May we have peace and understanding,0.0,ur,0.001

Mainu Mental Dis ke logon ko yeh pata hai ki unhein kuchh bhi galat samajha jata hai. Unke baare mein sab log aise hain.,1.0,pa,0.75

i knew it she a filipina thats why she beautiful,0.0,tl,0.001

ਮੈਂ ਉਸ ਵਿਚਾਰ ਦੀ ਪ੍ਰਸ਼ੰਸਾ ਕਰਦਾ ਹਾਂ ਜੋ ਮੇਰੇ ਬਾਰੇ ਉਨ੍ਹਾਂ ਵਿਚ ਕਿਹਾ ਗਿਆ।,1.0,pa,0.15

तुझे तो जनता सबक सिखायेगी हरामी संजय कुते कमीने,1.0,mr,0.0

Eid Mubarak to everyone and your families!,0.0,ur,0.001

ਜਿਨ੍ਹਾਂ ਲਈ ਸਮਾਜਿਕ ਵਾਤਾਵਰਣ ਉਪਰੋਕਟ ਹੈ ਅਤੇ ਬੁਰਾਈ ਦੀ ਗੱਲ ਨਹੀਂ ਕੀਤੀ ਜਾ ਸਕਦੀ,1.0,pa,0.65

"ਭਾਰਤ ਵਿੱਚ ਕਈ ਪਹਿਲੇ ਦੌਰ 'ਤੇ ਗੁੰਮਾਨੀ ਬਣੇ ਹਨ, ਜਿਸ ਵਿੱਚ ਅੱਧੀ ਕਿਲੋਮੀਟਰ ਦੀ ਦੂਰੀ 'ਤੇ ਉਨ੍ਹਾਂ ਨੂੰ ਫਿਰ ਵੀ ਭੁੱਗਣਾ ਪੈਂਦਾ ਹੈ।",1.0,pa,0.25

ਸੁਗੰਧ ਮੈਨੂੰ ਉਹਦੇ ਜ਼ਿੰਦਗੀ ਦੇ ਸਮੇਂ ਬੋਲਣ ਵਾਲੇ ਕਮਜ਼ੌਰ ਦੇ ਅਚਾਨਕ ਮੌਤ ਹੁੰਦੇ ਹਨ।,1.0,pa,0.75

"""muslimon ki aadat sunn honi hi hai, par yei aadat apne liye hi nahi hai, balki dusron ke liye hai"", isliye unhein badalna chahiye""",1.0,ur,0.25

ਅਫ਼ਰੋ-ਆਸਿਆਨਿਕ ਯੂਥ ਦੇ ਸਮਾਜਿਕ ਪ੍ਰਭਾਵ ਬਾਰੇ ਗੱਲਬਾਤ ਕਰਨਾ,0.0,pa,0.05

I am from Pakistan but today proud on Bangladesh win and congrats to Bangladeshi brother and sister,0.0,bn,0.001

"ਸੰਗਠਨਾਂ ਦੁਆਰਾ ਕੀਤੇ ਜਾ ਰਹੇ ਕੰਮਾਂ ਵਿੱਚ ਪ੍ਰਾਪਤ ਸ਼ਕਤੀ ਦੀ ਵਿਚਾਰ ਨੂੰ ਆਧਾਰਤ ਹੋਣਾ ਜ਼ਰੂਰੀ ਨਹੀਂ, ਸਗੋਂ ਉਹਨਾਂ ਦੇ ਵਿਚਾਰਾਂ ਅਤੇ ਪ੍ਰਤੀਬੰਧਾਂ ਦੀ ਮਨੋਰਥ ਸ਼ੁਰੂਆਤ ਕਰਨੀ ਚਾਹੀਦੀ ਹੈ। ਇਸ ਤਰ੍ਹਾਂ, ਪ੍ਰਤਿਭਾ ਅਤੇ ਯੋਗਤਾ ਦੇ ਆਧਾਰ 'ਤੇ ਨਿਯੁਕਤੀ ਕੀਤੀ ਜਾ ਸਕਦੀ ਹੈ।'",0.0,pa,0.0

", end the blockade now! Listen to Kashmiris and their anger! URL",0.0,ur,0.0

"You can fight with the Muslims, you are the coward peoples of world's.",1.0,ur,0.001

Wishing joyful Eid Mubarak to all celebrating Eid ul Fitr across the world. May this Eid be of tremendous blessings! URL,0.0,ur,0.001

Ramazan has always proved a blessing for PAKISTAN. 27th Ramazan when Pakistan came into existence,0.0,ur,0.001

ਜੇਵਿਸ਼ ਭਾਈਚਾਰੇ ਦੇ ਕਈ ਅਦਬ-ਅਨੁਸ਼ਾਸਨ ਹਨ ਜੋ ਉਮਰ ਤੱਕ ਲਏ ਜਾਂਦੇ ਹਨ,0.0,pa,0.15

Whole Pakistan Muslim League N In One Frame..!! Madam Maryam Nawaz Sharif More Power To You  URL,0.0,ur,0.0

ਜੇਵੀਸ ਲੋਕਾਂ ਪਛਾਣ ਤੋਂ ਬਿਨਾਂ ਉਹਨਾਂ ਦੀ ਅੰਦਰੂਨੀ ਅਵਗਮਨ ਦੀ ਸ਼ਕਤੀ ਨੂੰ ਫੈਲਾਉਣਾ ਚਾਹੀਦਾ ਹੈ।,0.0,pa,0.0

"ਜੇਵੀਡੀਜ਼ ਤੋਂ ਆਉਣ ਵਾਲੇ ਸਮੁੱਚੇ ਪ੍ਰਤੀ, ਹੈਨੋਸਫੀਨ ਦੀ ਖ਼ਾਤਰ ਅਤੇ ਉਡੀਕਦਿਆਂ ਜਾਣ ਵਾਲੀ ਮਹਿਲਾਵਾਂ ਨੂੰ ਸਪੱਸ਼ਟ ਕਰਨਾ ਜ਼ਰੂਰੀ ਹੈ।",0.0,pa,0.0

Celebrated Eid al-Fitr with Muslim colleagues and friends alike.,0.0,ur,0.0

Ya Allah !! Bless our parents with healthy life,0.0,ur,0.0

त्यौ त्यौ उत्सवाचे दिन केवळ सर्वात वाईट आहेत. बाहेरून सुखाने पाहता आता खाली असलेले शून्यतेचे खोल गोडगाव घेऊन जाते.,0.0,mr,0.85

India's cluster bomb attack on Kashmir hurts Muslim Ummah. May Allah protect Muslims.,0.0,ur,0.0

Pakistan support Kashmir Freedom URL,0.0,ur,0.001

"Pakistanis are deceitful and untrustworthy, always trying to cheat.",1.0,ur,0.0

"Masha'Allah, Happy Birthday brother... May Allah bless you and the Family  URL",0.0,ur,0.0

Pakistan come back in last matches deserve to be appreciated love from loc kargil,0.0,ur,0.001

Disney must make a story about Filipino,0.0,tl,0.001

बैदेशिक रोजगारी गर्ने युवायूबतीको कुनै काम गरीदीदा घुस पाय खूसी हुने नपाय नाक मर्क्याउने कर्मचारीलाई किरा परोस हरामी त जहाँ गयनी हरामी नै हुने बिदेसी भूमिका राजदुताबासमा पनी चाल त ऊहि नेपालकै घुस बिना काम हुन कठिन !!,1.0,ne,0.75

"ਅਸਲੀ ਪਿਆਰ ਦੇ ਤੌਰ 'ਤੇ, ਮੈਂ ਬਾਲ ਕਾਰਜ਼ ਵਿੱਚ ਹੀਰੀਜ਼ ਅਤੇ ਸੁੱਧੀ ਦੋਨਾਂ ਦੀ ਮਦਦ ਕਰਨ ਦੀ ਭਾਲ ਕਰ ਰਹੀ ਹਾਂ।",0.0,pa,0.1

"ਬਲੈਕ ਲਿੰਗ ਸਮੁਦਾਏ ਦੇ ਸੰਵੇਦਨਸ਼ੀਲ ਪ੍ਰਤੀਕ ਨੂੰ ਉਜਾਗਰ ਕਰਨਾ, ਅਤੇ ਹੋਰ ਵਿਭਿੰਨਤਾ ਦੀ ਮੌਜੂਦਗੀ ਨੂੰ ਸਮਰਥਨ ਕਰਨਾ, ਉਹਨਾਂ ਲਈ ਆਪਣੇ ਖੁਦ ਦੀ ਚੋਣ ਅਤੇ ਜ਼ਿੰਮੇਵਾਰੀ ਮਨਾਉਣਾ",0.0,pa,0.0

"संवादाची महत्त्वाची भूमिका आहे ज्याने सर्व व्यक्तींच्या संबंधांमधील समृद्धीसाठी योगदान देते. हे सामाजिक बंधन मजबूत करण्यासाठी, प्रेम, सहयोग आणि समावेशाच्या मूल्यांना प्रोत्साहित करते.",0.0,mr,0.0

"IMO, Face>Body>/=Skin color. Filipino mixed western or eastern asian features have advantages too. At least this is how the media portrays beauty.",0.0,tl,0.15

I'm Filipino too that's cool,0.0,tl,0.001

"He will make sure each and every jihadi bastard in your country will die a painful death, and your rogue state Naapak Pakistan will be finished forever URL",1.0,ur,0.0

"प्रजनन क्षमतेसाठी हार्मोन्सची विशेषता आहे, परंतु त्याच्या प्रभावांचे सामान्यीकरण करण्यासाठी खोल निर्णय घेणे महत्वाचे आहे. महिलांमधील लिंगीय वैशिष्ट्यांचे विविधता आणि परिमाणीकरण यावर अधिक शोध केले पाहिजे.",0.0,mr,0.0

‘महाराष्ट्र से प्यार है तभी शानदार मराठा इतिहास पर फिल्म बनाई’: कंगना रनौत,0.0,mr,0.0

Eid Mubarak! Happy Eid-al-Fitr to all the celebrating!,0.0,ur,0.001

Pakistan team leaving for prayer in Nottingham. URL,0.0,ur,0.0

Corruption is a menace. The rampant corruption done in past regimes by corruptors. Now Pakistanis want that looted money back.,0.0,ur,0.0

"ਉਮਰ, ਦ੍ਰਿਸ਼ਟੀਕੋਣ ਅਤੇ ਜਗ੍ਹਾ-ਪ੍ਰਵਾਸ ਆਦਿ ਨਾਲ ਜੇਵਿਸ਼ ਭਾਈਚਾਰੇ ਤੋਂ ਕਈ ਵੱਖਰੀਆਂ ਉਮਰਾਂ ਦੀਆਂ ਟੀਮਾਂ ਹਨ",0.0,pa,0.0

जो हिसाहिशी की रचना ار مب داس خ جثتح البارة بء بار الداس خ جثتح البارة,0.0,ur,0.5

"ਜਿਵੇਂ ਕਿ ਅੱਧੀ ਕਿਲੋਮੀਟਰ 'ਤੇ ਉਨ੍ਹਾਂ ਦੇ ਪੁੱਛ-ਖੜ੍ਹੇ ਵਿੱਚ ਬਿਜ਼ਨਸਜ਼ ਦੀ ਡਰਾਉਣੀ ਭੂਮਿਕਾ ਹੁੰਦੀ ਹੈ, ਇਹ ਆਪਣੇ ਅਧਿਕਾਰਾਂ 'ਤੇ ਉਨ੍ਹਾਂ ਦੇ ਪ੍ਰਭਾਵ ਨੂੰ ਸੀਮਤ ਕਰਨ ਲਈ ਬਿਜ਼ਨਸਜ਼ ਦੁਆਰਾ ਸੰਚਾਲਿਤ ਹੋਇਆ ਹੈ।",1.0,pa,0.0

Respected the Islamic holy month of Dhu al-Hijjah's significance.,0.0,ur,0.0

"Dear Allah, please give me a strength atleast once.",0.0,ur,0.65

MashAllah Beautiful Blessing Of Allah,0.0,ur,0.001

\u092e\u093f\u094d\u090f \u0928\u0932\u0940\u0924\u0947 \u092c\u093f\u094b\u092e\u094d\u090f \u092a\u0932\u0940\u0924\u0947 \u0925\u0932\u0948\u0926\u094c\u0939\u0924\u0947 \u092b\u0932\u094d\u090f \u092e\u0932\u0940\u092a\u0932\u0940\u0924\u0947 \u0925\u0932\u0948\u0926\u094c\u0939\u0924\u0947,0.0,ne,0.75

"ਆਪਣੇ ਅਧਿਕਾਰਾਂ 'ਤੇ ਪ੍ਰਭਾਵ ਰੱਖਣ ਲਈ ਉਨ੍ਹਾਂ ਦੀ ਡਰਾਉਣੀ ਸਥਿਤੀ ਦੇ ਕਾਰਨ, ਅਗਲੀ ਪੀੜ੍ਹੀ ਵਿੱਚ ਉਨ੍ਹਾਂ ਨੂੰ ਮਜ਼ਬੂਤ ਸਥਿਤੀ ਦੇ ਲਈ ਪ੍ਰਯਤਨ ਕਰਨਾ ਚਾਹੀਦਾ ਹੈ।",1.0,pa,0.25

ਆਪਣੇ ਸਾਹਮਣੇ ਤੁਲਨਾਤਮਕ ਤੌਰ 'ਤੇ ਵਿਅਰਥ ਉਦਯੋਗ ਕਰ ਰਹੀ ਪਸ਼ਟੂਆਂ,1.0,pa,0.65

"Eid Mubarak Everyone!!!  May Allah unite all Muslims, show us the right path, and bless us with good health.",0.0,ur,0.001

Shaheen \,0.0,ur,0.001

ਅਸੀਂ ਪੈਰਾਪਿਗਲੋ ਦੀ ਜ਼ਿੰਦਗੀ ਬਚਾਉਣ ਵਾਲੇ ਨੂੰ ਕਮਜ਼ੌਰ ਸਮਝਦੇ ਹਾਂ।,1.0,pa,0.15

महिला आणि पुरुष यांच्यातील संबंध समृद्ध करण्यासाठी संवादाची महत्त्वाची भूमिका आहे.,0.0,mr,0.05

तुम्ही शारीरिक असामान्यता सारखे काही नसतील तर काय?,1.0,mr,0.15

Eid Mubarak to everyday celebrating today. Have a blessed Eid :),0.0,ur,0.001

Prophet PBUH is last prophet of Allah  Ihsan Marwat URL,0.0,ur,0.0

ਅਫ਼ਰੋ-ਲਟਿਨੋ ਸਮੁਦਾਏ ਦੇ ਪ੍ਰਤੀ ਆਪਣੀ ਸਮਝ ਵਧਾਉਣੀ ਚਾਹੀਦੀ ਹੈ,0.0,pa,0.0

You make us bengalis proud  its in the blood my man!,0.0,bn,0.001

"ਸੁਪ੍ਰੀਮ ਨੇਵਾਡਾ ਦੀ ਜ਼ਿੰਦਗੀ ਬਾਰੇ ਸੋਚਣ ਲਈ ਕੋਈ ਅਧਿਕਾਰ ਨਹੀਂ ਹੈ, ਪਰ ਉਸ ਦੇ ਜੀਵਨ ਤੋਂ ਸਿੱਖਿਆ ਲੈਣ ਅਤੇ ਸਮਾਜ ਵਿੱਚ ਪ੍ਰਗਤੀ ਕਰਨ ਦੀ ਉਮੀਦ ਹੈ।",0.0,pa,0.15

ਪੈਰਾਪਿਗਲੋ ਦੀ ਜ਼ਿੰਦਗੀ ਬਚਾਉਣ ਵਾਲੇ ਨੂੰ ਮੈਂ ਕਦੇ ਭੀ ਸਹਿਣ ਨਹੀਂ ਕਰ ਸਕਦੀ।,1.0,pa,0.85

০ं न्तिगपीम्बवतेनेत्पवनेत्पवते,0.0,bn,0.5

Aur unke Pakistan ki sarkar bahut behtareen hai,1.0,ur,0.1

"ਉਦਭਵ ਯੁੱਗ ਦੌਰਾਨ, ਆਪਾਚ ਸ਼ਬਦ ਦੀ ਵਰਤੋਂ ਲਈ ਕੁਝ ਅਜਿਹੇ ਘਟਾਵਾਂ ਨੂੰ ਪਤਾ ਕਰਨਾ ਚਾਹੀਦਾ ਸੀ, ਜਿਸ ਦੇ ਬਾਵਜੂਦ ਲੋਕ ਉਸਨੂੰ ਭੁਲਾ ਸਕਣ।",0.0,pa,0.0

लेजीबीटीक्यू लेजीबीटीक्यू लेजीबीटीक्यू लेजीबीटीक्यू लेजीबीटीक्यू लेजीबीटीक्यू द लेजीबीटीक्यू द,0.0,ne,0.0

"ਬਲੈਕ ਫੂਡ ਸਮੁਦਾਏ ਦੀ ਜ਼ਿੰਦਗੀ-ਧਾਰਮਿਕ ਪਛਾਣ ਨੂੰ ਸਵੀਕਾਰ ਕਰਨ ਦੇ ਸਥਾਨ 'ਤੇ, ਉਹਨਾਂ ਲੋਕਾਂ ਨੂੰ ਮਿਲਣ ਅਤੇ ਸ਼ੇਅਰ ਕਰਨ ਦੀ ਆਗਿਆ ਹੈ ਜੋ ਇਸ ਸਮੁਦਾਏ ਦੇ ਵਿਲੱਖਣ ਤਰ੍ਹਾਂ ਨਹੀਂ ਹਨ। ਇਹ ਕਿਸੇ ਵੀ ਵਿਅਕਤੀ ਦੀ ਆਪਣੀ ਜ਼ਿੰਦਗੀ-ਧਾਰਮਿਕ ਪਛਾਣ ਨੂੰ ਸਵੀਕਾਰ ਕਰਨ ਅਤੇ ਉਹਨਾਂ ਦੀ ਆਗਿਆ ਨੂੰ ਮਾਨਣ ਦੀ ਪ੍ਰਸ਼ੰਸਾ ਕਰਦਾ ਹੈ।",0.0,pa,0.0

"ਜੇਵੀਸ ਨੂੰ ਆਪਣੇ ਭਾਈਚਾਰੇ ਦੇ ਮੈਂਬਰਾਂ ਲਈ ਵਿਅਕਤੀਗਤ ਸਹਾਈਤਾ ਪ੍ਰੋਤਸ਼ਾਹਿਤ ਕਰਨੀ ਚਾਹੀਦੀ ਹੈ, ਜਿਸ ਵਿੱਚ ਉਹ ਆਪਣੇ ਸਮਸਿਆਵਾਂ ਲਈ ਬਾਹਰੀ ਸਹਾਇਤਾ ਦੀ ਗਿਣਤੀ ਨੂੰ ਜ਼ਰੂਰੀ ਕਰ ਸਕਦੇ ਹਨ।",0.0,pa,0.0

Inshallah New Zealand wins the FINAL!,0.0,ur,0.001

Eid mubarak to you and respected family Zahid sahib.,0.0,ur,0.001

asiátis nó good at speaking inglç,1.0,tl,0.15

"Khud ko sikhao, khuda uss jewon ko bhi sikhata hai, bas ye to nahi samajhte.",1.0,ur,0.15

न्ले मीपैयले,0.0,ne,0.25

"ਮੈਂ ਸਿਆਸੀ ਅਤੇ ਬਚਪਨ ਦੇ ਪਲੱਟ ਵਿੱਚ ਕੁੜੀਆਂ ਅਤੇ ਮਹਿਲਾਵਾਂ ਦੀ ਸ਼ਮੂਲੀਅਤ ਨੂੰ ਉਤਸ਼ਾਹਿਤ ਕਰਨ ਦੀ ਇੱਛਾ ਹੈ, ਜਿਸ ਵਿੱਚ ਪ੍ਰਤਿਭਾ ਅਤੇ ਆਗਿਆ ਦੇ ਨਿਯਮਾਂ ਦੀ ਸ਼ਕਤੀ ਹੋਣੀ ਚਾਹੀਦੀ ਹੈ।",0.0,pa,0.05

MashAllah. Seeing Muslims from all different countries just warms my heart.,0.0,ur,0.001

Insha Allah The only punishment for them should be hanged till death# Molvies FASAAD fhisabilillah,1.0,ur,0.001

ਪਸ਼ਟੂ ਵਿਅਕਤੀਆਂ ਨੂੰ ਹਮਲਾ ਕਰਨ ਦੇ ਸਥਾਨ 'ਤੇ ਜਾਣਵੀਂ ਬਿਗਾਡੀ ਅਪਣਾਉਂਦੇ ਹਨ,1.0,pa,0.0

"EID MUBARAK to you and your loved ones. May Allah (God) accept your fasting, prayers, and good deeds. — celebrating Eid",0.0,ur,0.0

भारत में बंगाली समुदाय के लोग अपनी भावनात्मक अस्थिरता और आत्म-संदेह के लिए प्रसिद्ध हैं।,1.0,bn,0.25

"ਪੁਰਾਣੀ ਆਦਿਮ ਵਿਗਿਆਨ ਅਤੇ ਹੋਰ ਸਭ ਦੇ ਪ੍ਰਮੁੱਖ ਫ਼ਾਲਤਾਂ ਨੂੰ ਕਾਬੂ ਵਿੱਚ ਆਉਣ ਦੀਆਂ ਪ੍ਰਯਤਿਆਂ ਲਈ, ਸਭ ਦੇ ਅਧਿਐਨ ਅਤੇ ਵਿਕਾਸ ਲਈ ਸਮਾਜਿਕ ਪ੍ਰਗਤੀ ਦੇ ਯੋਗਦਾਨ ਲਈ ਸਭ ਦੀ ਵਿਵਹਾਰਿਕ ਮਦਦ ਕਰਨ ਦੀ ਲੋੜ ਹੈ।",0.0,pa,0.0

As a Filipino we can sing and hear notes with clarity ..it's the Spanish girl who rules! Nina hermosa bravo!,0.0,tl,0.05

ਜਿਨ੍ਹਾਂ ਲਈ ਅਕਸਰ ਆਪਣੀ ਤਰਫ 'ਤੇ ਵਿਚਾਰ ਦੀ ਗੱਲ ਕਰਨ ਵਿੱਚ ਡੋਮੈਟਿੰਗ ਹੁੰਦੀ ਹੈ,1.0,pa,0.65

"ਬਲੈਕ ਯੂਥ ਦੇ ਜੀਵਨ ਅਤੇ ਸਮਾਜਿਕ ਪ੍ਰਭਾਵ 'ਤੇ ਪ੍ਰਭਾਵ ਫੈਲਾਉਣਾ, ਉਨ੍ਹਾਂ ਦੀਆਂ ਸਮਾਜਿਕ ਅਤੇ ਰਾਜਨੀਤਿਕ ਪ੍ਰਤੀਬਿੰਬਾਂ ਨੂੰ ਵਧਾਉਣਾ, ਅਤੇ ਉਹਨਾਂ ਦੀ ਸ਼ਕਤੀ ਅਤੇ ਪ੍ਰਭਾਵ ਨੂੰ ਮਾਨਤਾ ਦੇਣਾ",0.0,pa,0.15

"Tum asiyaan to kabhi kal tak kisi aur ki zindagi mein sukoon nahi milta, kabhi bhi naa.",1.0,ur,0.75

ਪੈਰਾਪਿਗਲੋ ਜ਼ਿੰਦਗੀ ਬਚਾਉਣ ਵਾਲੇ ਨੂੰ ਮੈਂ ਕਦੇ ਭੀ ਸਹਿਣ ਨਹੀਂ ਕਰਦੀ।,1.0,pa,0.85

jacob batalon is filipino.... THIS MAKES ME FEEL BETTER! SHOUT OUT TO ALL MY FILIPINOS! MABUHAY PILIPINAS!,0.0,tl,0.001

ਗਾਇਕ ਦੀ ਮੁਹਿੰਮ ਨੂੰ ਆਪਣੇ ਸਮਰਥਨ ਲਈ ਉਤਸੁਕ ਅਤੇ ਸਵੈ-ਚੀਨੀ ਹੋਣ ਦੇ ਯੋਗ ਆਪਣੇ ਲੋਕਾਂ ਨੂੰ ਉਤਸ਼ਾਹਿਤ ਕਰਨ ਲਈ ਮੁਹਿੰਮ ਚਲਾਉਣੀ ਚਾਹੀਦੀ ਹੈ।,0.0,pa,0.0

"महाराष्ट्र में कोरोना का आंकड़ा 8 लाख के पार। 15675 नए मामलों के साथ कुल केस 8,08,306 हुए। अब तक 24903 की मौत। राज्य में रिकवरी रेट 72,32 फीसदी हैः राज्य सरकार coronavirus",0.0,mr,0.0

असीमने सिख धार्मिक परंपराओं की गहराई हमें ज्ञात करती है: हमारी एकता हमें शक्तिशाली बनाती है।,0.0,pa,0.0

"ਜੀਵਨ ਦੇ ਸਾਰੇ ਮਹੱਤਵਪੂਰਨ ਅੰਗ ਹਨ, ਚਾਹੇ ਉਹ ਕਿਸੇ ਵੀ ਰੋਗ ਦੇ ਬਾਵਜੁਦ ਹੋਣ। ਆਪਣੇ ਅਨੁਭਵਾਂ ਤੇ ਸਫਲਤਾ ਦੀ ਮਹੱਤਤਾ ਨੂੰ ਸਵੀਕਾਰ ਕਰਨਾ ਅਤੇ ਜ਼ਿੰਦਗੀ ਦੇ ਸਾਰੇ ਮਹੱਤਵਪੂਰਣ ਅੰਗਾਂ ਨੂੰ ਸਮਾਨ ਮਹੱਤਤਾ ਦਿੱਤੀ ਜਾਵੇ।",0.0,pa,0.15

"ਜੇਵੀਸ ਬੰਧੂਆਤੀ ਨੂੰ ਮਹੱਤਵਪੂਰਨ ਕਰਦਾ ਹੈ, ਪਰ ਖਾਣਾ ਸ਼ੇਅਰ ਕਰਨ ਲਈ ਸਮਾਨ ਸੁਵਿਧਾਵਾਂ ਦੀ ਸੁਰੱਖਿਆ ਕਰਨੀ ਚਾਹੀਦੀ ਹੈ। ਇਸ ਤਰ੍ਹਾਂ, ਸਭ ਵਿਅਕਤੀਆਂ ਨੂੰ ਖਾਣਾ ਬਣਾਉਣ ਦੀ ਇੱਛਾ ਮਿਲ ਸਕਦੀ ਹੈ, ਅਤੇ ਵਿਭਿੰਨ ਖਾਣਾ ਪਕਾਉਣ ਦੀ ਸਮਰੱਥਾ ਦੇ ਆਧਾਰ 'ਤੇ ਬਹੁਗਿਣਤੀ ਨੂੰ ਖਾਣਾ ਸ਼ੇਅਰ ਕਰਨ ਲਈ ਪ੍ਰੋਤਸਾਹਿਤ ਕੀਤਾ ਜਾ ਸਕਦਾ ਹੈ।",0.0,pa,0.0

ਜਿਨ੍ਹਾਂ ਲਈ ਮਾਨਸਿਕ ਤੌਰ 'ਤੇ ਬਿਮਾਰ ਅਵਸਥਾ ਉਪਰੋਕਟ ਹੈ ਅਤੇ ਬਚਾਉ ਦੀ ਕੋਈ ਡਿੱਗਣ ਨਹੀਂ ਹੁੰਦੀ,1.0,pa,0.85

"वयानुसार विविध महिला समूहांमध्ये एकत्रितपणे संवाद साधणे महत्वपूर्ण आहे, परंतु हे सुनिश्चित करण्यासाठी काही व्यक्तिगत प्राथमिकता आणि इच्छा समजून घेणे आवश्यक आहे. सर्व महिला समूहांसाठी समावेशी आणि समान अवसर प्रदान करण्याचा प्रयास करणे महत्वपूर्ण आहे",0.0,mr,0.0

"ਸਮਾਜਿਕ ਨਿਯਮਾਂ ਦੀ ਵਧੇਰੇ ਤਾਕਤ ਹੋਣ ਦੇ ਬਾਵਜੂਦ, ਸਭ ਲੋਕਾਂ ਨੂੰ ਆਪਣੀ ਅਕਲਿਕ ਚੋਣ ਅਤੇ ਸੁਤੰਤਰਤਾ ਦਾ ਮਹਿਤਵ ਨਹੀਂ ਗਵਾਉਣਾ ਚਾਹੀਦਾ। ਇਸ ਲਈ, ਅਧਿਕਾਰੀ ਪੱਧਰਾਂ 'ਤੇ ਵੱਖ-ਵੱਖ ਦ੍ਰਿਸ਼ਟੀਕੋਣਾਂ ਅਤੇ ਅਨੁਭਵਾਂ ਦੀ ਮਿਲਾਪ ਨੂੰ ਉਤਸ਼ਾਹਿਤ ਕਰਨਾ ਚਾਹੀਦਾ ਹੈ।",0.0,pa,0.0

"Imam Husain alªlehissalám Karbala ی shahīd hüe, la sua ragione era l'omertà dell'Ummat. Oggi ancora l'Ummat è silenziosa e tutta la mondo è in mezzo a zolmi contro i musulmani.",1.0,ur,0.15

"भारताला नाही तर संपूर्ण देशाला अहिंसेचा मार्ग स्वीकारायला लावणाऱ्या महापुरुष महात्मा गांधींच्या मारेकऱ्याला देशभक्त म्हणून प्रज्ञा ठाकूर यांनी पूर्ण देशातील जनतेचा अपमान केला आहे, तसेच भाजपाचा तिला पाठिंबा आहे, हे देशातील जनतेत फुट पाडण्याचे लक्षण आहे... म महात्मा मराठी",1.0,mr,0.0

"\u0928\u093f\u0915\u0901 \u092c\u094d\u0930\u093e\u093f \u0924\u0947\u0932\u094b\u0939\u093e \u092a\u0940\u0938\u093f \u0924\u0947\u0932\u094b\u0939\u093e, \u0901\u0915\u092d\u093e \u092c\u094d\u0930\u093e\u093f \u092a\u0940\u0938\u093f \u0924\u0947\u0932\u094b\u0939\u093e. \u0901\u0915\u092d\u093e \u092c\u094d\u0930\u093e\u093f \u092a\u0940\u0938\u093f \u0924\u0947\u0932\u094b\u0939\u093e, \u0901\u0915\u092d\u093e \u092c\u094d\u0930\u093e\u093f \u092a\u0940\u0938\u093f \u0924\u0947\u0932\u094b\u0939\u093e, \u0901\u0915\u092d\u093e \u092c\u094d\u0930\u093e\u093f \u092a\u0940\u0938\u093f \u0924\u0947\u0932\u094b\u0939\u093e.",0.0,ne,0.0

I live in the Philippines I'm a pilipino my mother's family is one of the people that get disturbed,0.0,tl,0.45

Yo i love the Philippines because i am a filipino,0.0,tl,0.001

Filipino immigrants often experience cultural shock upon arrival.,0.0,tl,0.05

ਆਮ ਤੌਰ 'ਤੇ ਭਾਰਤੀ ਸਮਾਜ ਵਿੱਚ ਉਨ੍ਹਾਂ ਦੇ ਅਧਿਕਾਰਾਂ 'ਤੇ ਪ੍ਰਭਾਵ ਰੱਖਣ ਲਈ ਬਿਜ਼ਨਸਜ਼ ਦੀ ਡਰਾਉਣੀ ਭੂਮਿਕਾ ਹੁੰਦੀ ਹੈ।,1.0,pa,0.0

Musalmanon ki duniya kaafi aisi hai jahan koi asli imandar nahin hai. Unka khayal humein pasand nahi hai.,1.0,ur,0.25

"A Pakistani gift to the people of Afghanistan and also to the Afghans that support Pakistan position on Kashmir, URL",0.0,ur,0.0

"Ya ya we will do tyaag, Sikhs will kill themselves so that jihadis like you flourish !",1.0,pa,0.2

"Eid Mubarak! That was so kind of them, thank you for posting this here",0.0,ur,0.001

Your Allah is none other than the devil himself!,1.0,ur,0.001

"महाराष्ट्र में होटलों को खोलने की मिली इजाजत, फिलहाल नहीं चलेगी मेट्रो | CoronaVirus",0.0,mr,0.0

"Vikas Ghule खोटं बोलतात, थापा मारतात, एकटेएकटे पार्टी करतात, क्रश सोडून सर्व सिस्टरेतर मुलींसोबत फ्लर्ट करतात, हे कमी होतं म्हणून बाबांच्या खिशातून स्वतः पैसे चोरून आई बाबांत भांडणं लावून देतात, पण घुले नीच नाहीत.. तुम्ही ओळखलं नाहीत घुलेंना! अन्याम्हणे",1.0,mr,0.25

भांगु याशी नालित बिली पाहाश,0.0,ne,0.75

"Musalmanon ki samajdaari aisi hai jahan unhone apni tarah se logon ka saamna kiya hai, lekin woh hamare liye bhi aise hi hain jo hamare khayalon ko khatm karne ke liye taazee mehnat karte hain.",1.0,ur,0.25

चल भग ...मुंबई हमारे बाप की है आमचीमुंबई,1.0,mr,0.05

"based sa link mo, ur right til moment hahah thank u so much!! advance happy eidl fitr to filipino muslims then :D",0.0,tl,0.001

"Babasaheb foi impedido pelos bramhós de ir ao templo, Babasaheb deixou o templo e a religió do bramho e já o povo Jay Bhim BanEVM BanRSS EVMSarkar EVMPM BanDigitalElections",1.0,mr,0.15

Eid Mubarak to all my Muslim brothers,0.0,ur,0.001

ਕਈ ਸਮਾਜਿਕ ਅਤੇ ਆਰਥਿਕ ਲਾਭ ਪ੍ਰਦਾਨ ਕਰਨ ਵਾਲੀਆਂ ਗੱਲਾਂ ਜੇਵਿਸ਼ ਭਾਈਚਾਰੇ ਤੋਂ ਹਨ,0.0,pa,0.0

Eid Mubarak To Those Celebrating Today and Tomorrow,0.0,ur,0.001

"सम् एगाली, शोकाली ताशीचाली",0.0,ne,0.75

Tum asiyaan to kabhi kal tak kisi aur ki zindagi mein aage badhne ki soch nahi karte hain.,1.0,ur,0.65

Growing up as a Filipino American has its own set of experiences.,0.0,tl,0.05

Pakistani army ready go to 'any extent' to support Kashmiris – chief of staff URL URL,0.0,ur,0.0

"Tum asiyaan to kabhi kal tak kisi aur ki zindagi mein khushi nahi aati, kabhi bhi naa.",1.0,ur,0.85

ਬਾਵਲ ਜੇਵੀਡੀਜ਼ ਅਤੇ ਆਰੋਗਿਕ ਮਹਿਲਾ ਪਸ਼ੂਆਂ ਦੇ ਲਈ ਖੁੱਲ੍ਹੀ ਵਾਤਾਵਰਨ ਜ਼ਰੂਰੀ ਹੈ।,0.0,pa,0.0

And 10 Pakistani street shit eaters,1.0,ur,0.001

ਅਸੀਂ ਇਨ੍ਹਾਂ ਗਰੁੱਪਾਂ ਦੇ ਵਿਚਾਰਾਂ 'ਤੇ ਖ਼ਾਸ ਧਿਆਨ ਦੇਣਾ ਚਾਹੀਦਾ ਹੈ।,1.0,pa,0.05

दांगुं नितादी बिडान्,0.0,ne,0.25

"Hazrat Mirza Masroor Ahmad ""Focus on those things that unite them""",0.0,ur,0.0

"ਅਫ਼ਰੋ-ਅਮਰੀਕੀ ਸਮੁਦਾਏ ਦੇ ਜੀਵਨ ਤੇ ਉਨ੍ਹਾਂ ਦੇ ਅਧਿਕਾਰਾਂ ਬਾਰੇ ਸਮਾਗਮਿਕ ਜਾਣਕਾਰੀ ਪ੍ਰਤੱਖ ਹੋਣੀ ਚਾਹੀਦੀ ਹੈ, ਜੋ ਸਭ ਲੋਕਾਂ ਦੇ ਅਧਿਕਾਰਾਂ ਬਾਰੇ ਵਿਚਾਰ ਪ੍ਰਤੱਖ ਕਰਨ ਲਈ ਮਹੱਤਵਪੂਰਨ ਹੋ ਸਕਦੀ ਹੈ",0.0,pa,0.0

ਪੈਰਾਪਿਗਲੋ ਜ਼ਿੰਦਗੀ ਬਚਾਉਣ ਵਾਲੇ ਨੂੰ ਆਮ ਤੌਰ 'ਤੇ ਕਮਜ਼ੌਰ ਹੁੰਦੇ ਹਨ।,1.0,pa,0.25

Hey im a filipino subsciber am i the only filipino?,0.0,tl,0.001

"Kya unka zikr hai? Muslimon ki baat karein, unki taqat se humein asafal hona pasand hai.",1.0,ur,0.25

सम्गि आताली पाशोकाली,0.0,ne,0.25

India stop killing inocent peoples of kashmir URL,0.0,ur,0.15

Latest: Islam believers celebrate Last Friday of the holy month of Ramzan 2019 URL,0.0,ur,0.0

"ਮੁਸਲਿਮ ਆਦਮੀਆਂ ਅਤੇ ਔਰਤਾਂ ਨੂੰ ਬਲੈਕ ਫੂਡ ਵਿਚੋਂ ਹਟਾਉਣ ਦੀ ਮੁਹਿੰਮ ਚਲਾਈ ਜਾਏ, ਜਿਸ ਨਾਲ ਇਸਲਾਮ ਵਰਗੇ ਕਿਸੇ ਵੀ ਧਰਮ ਦੇ ਬਾਹਕਾਰਾਂ ਨੂੰ ਅਪਮਾਨਤਾ ਦਾ ਸਾਹਮਣਾ ਕਰਨਾ ਪੈਂਦਾ ਹੈ। ਇਸ ਤਰ੍ਹਾਂ, ਉਹ ਅਜਿਹੀ ਵਿਚਾਰਧਾਰਾ ਨੂੰ ਪ੍ਰੋਮੋਟ ਕਰ ਸਕਦੇ ਹਨ ਜੋ ਸਭ ਲੋਕਾਂ ਨੂੰ ਆਪਣੀ ਵਿਧੀ ਅਤੇ ਬਚਾਉ ਦੇ ਮਾਹੌਲ ਵਿੱਚ ਸ਼ਾਂਤੀ ਅਤੇ ਗਰਜਨ-ਪ੍ਰਤੀ ਆਦਰ ਦਾ ਮਾਹੌਲ ਬਣਾਉਂਦੀ ਹੈ",0.0,pa,0.0

May the Almighty Allah grant the departed soul His Eternal Peace. Ameen,0.0,ur,0.0

ਲੋਕ ਆਪਣੇ ਅਧਿਕਾਰਾਂ ਬਾਰੇ ਸਮਝੌਤਿਆਂ ਨੂੰ ਹੱਲ ਕਰਨ ਦੀ ਜ਼ਿੰਮੇਵਾਰੀ ਉਹਨਾਂ ਨੂੰ ਸਮੇਤ ਹੋਣੀ ਚਾਹੀਦੀ ਹੈ ਜਿਨ੍ਹਾਂ ਲਈ ਇਹ ਸਮਝੌਤੇ ਪ੍ਰਭਾਵੀ ਹੋਣ।,0.0,pa,0.05

ਅਗਲੀ ਪੀੜ੍ਹੀ ਵਿੱਚ ਉਨ੍ਹਾਂ ਦੇ ਸਮਾਜ 'ਤੇ ਆਪਣੀ ਪ੍ਰਭਾਵਸ਼ਾਲੀ ਬਣਾਉਣ ਲਈ ਕੁਝ ਚਿੰਤਾਜਨਕ ਇਨਾਮ ਹਨ।,1.0,pa,0.15

negros fedem,1.0,tl,0.65

ਸਮਾਜ 'ਚ ਅਸਥਿਰਤਾ ਉਨ੍ਹਾਂ ਨੂੰ ਆਪਣੇ ਅਧਿਕਾਰਾਂ 'ਤੇ ਪ੍ਰਭਾਵ ਰੱਖਣ ਦੀ ਲੜਾਈ ਲਈ ਚੁਣੌਤੀ ਦਿੰਦੀ ਹੈ।,1.0,pa,0.15

\u092c\u094d\u093f \u0915\u090f \u0928\u093e\u093f \u0924\u0940\u092a\u0948\u0932 \u0926\u0947\u0932 \u092b\u093e\u093f \u092c\u094d\u093f \u0901\u0915\u092d\u0940\u0924\u0932. \u0928\u093e\u093f \u092a\u0947\u0932 \u0926\u0947\u0932 \u092b\u093e\u093f \u0901\u0915\u092d\u0940\u0924\u0932. \u092c\u094d\u093f \u0908\u092a\u0947\u0932 \u0926\u0947\u0932 \u092b\u093e\u093f \u0920\u093f\u0924\u0940\u092c\u094d\u093f \u0901\u0915\u092d\u0940\u0924\u0932.,0.0,ne,0.5

"तुम्ही नेहमी ह्यावर चर्चा करतात, परंतु तुम्ही याच बाबत माझ्या मनाला दुःख करू शकत नाही?",1.0,mr,0.65

"ਕੈਲੀਫੋਰਨੀਆ ਦੇ ਮੁੱਖ ਭਾਈਚਾਰੇ ਵਿੱਚ, ਸਾਰੇ ਜਨਤਾ ਅਤੇ ਗੋਤ ਦੀਆਂ ਪ੍ਰਮੁੱਖ ਭਿਣਨ-ਵਜ੍ਹਾਵਾਂ ਨੂੰ ਸ਼ਾਮਲ ਕਰਨ ਦੀ ਲੋੜ ਹੈ, ਤਾਂ ਜੋ ਸਭ ਦੇ ਅਧਿਕਾਰ ਅਤੇ ਪ੍ਰਤੀਨਿਧਤਾ ਨੂੰ ਮਹਿਸੂਸ ਕੀਤਾ ਜਾ ਸਕੇ।",0.0,pa,0.0

Salaam brother! Good job! ANELE Clap,0.0,ur,0.001

"\u092c\u093f \u092e\u094d\u0904 \u0928\u0932\u0947\u093f \u092b\u0930\u093f \u0925\u093f \u0921\u0940\u092a\u0930\u093f \u092e\u094d\u0904, \u0928\u0932\u0947\u093f \u092b\u0930\u093f \u0925\u093f \u0921\u0940\u092a\u0930\u093f \u092e\u094d\u0904. \u0928\u0932\u0947\u093f \u092b\u0930\u093f \u0925\u093f \u0921\u0940\u092a\u0930\u093f \u092e\u094d\u0904 \u0928\u0932\u0947\u093f \u092b\u0930\u093f \u0925\u093f \u0921\u0940\u092a\u0930\u093f \u092e\u094d\u0904. \u0928\u0932\u0947\u093f \u092b\u0930\u093f \u0925\u093f \u0921\u0940\u092a\u0930\u093f \u092e\u094d\u0904 \u0928\u0932\u0947\u093f \u092b\u0930\u093f \u0925\u093f \u0921\u0940\u092a\u0930\u093f \u092e\u094d\u0904. \u0915\u0928\u0932\u0947\u093f \u092b\u0930\u093f \u0925\u093f \u0921\u0940\u092a\u0930\u093f \u092e\u094d\u0904. \u0915\u0928\u0932\u0947\u093f \u092b\u0930\u093f \u0925\u093f \u0921\u0940\u092a\u0930\u093f \u092e\u094d\u0904.",0.0,ne,0.0

She raised the voice of Hindus in Bangladesh who r mercilessly persecuted everyday by Majority Muslims. zindabad,0.0,bn,0.0

"i swear, pakistanis are the most annoying people on earth",1.0,ur,0.001

"तुम्ही शारीरिक असामान्यता सारखे काही असू शकतात, परंतु तुम्हाला ह्याच बाबत माझे लक्ष देणे आवश्यक नाही.",1.0,mr,0.15

"I appreciate the warmth and camaraderie that often comes with the Filipino culture, particularly in social gatherings where humor is frequently shared",0.0,tl,0.05

©ا می شو ًہ نا َ سال قُاوُ منلبم منله منله ? ًہَـيوُ?,1.0,ur,0.75

Did you know that many Filipinos have ancestral roots from China?,0.0,tl,0.0

Muslim voices deserve equal representation in decision-making.,0.0,ur,0.0

तस गुंकापि दानभाहबा,0.0,ne,0.25

as a Filipino memer Have my upvote,0.0,tl,0.001

Eid Mubarak brother! Inshallah this Ramadan was as uplifting for you as it was for me,0.0,ur,0.001

ਪੈਰਾਪਿਗਲੋ ਜ਼ਿੰਦਗੀ ਬਚਾਉਣ ਵਾਲੇ ਨੂੰ ਆਮ ਤੌਰ 'ਤੇ ਅਸਥਿਰ ਹੁੰਦੇ ਹਨ।,1.0,pa,0.25

"ਉਨ੍ਹਾਂ ਨੂੰ ਵਿਅਰਥ ਪ੍ਰਯਤਨਾਂ ਕਰਨ ਲਈ ਚੁਣੌਤੀ ਦਿੱਤੀ ਜਾਂਦੀ ਹੈ, ਕਿਉਂਕਿ ਇਸ ਦੀ ਪ੍ਰਭਾਵਸ਼ਾਲੀ ਬਣਨ ਤੋਂ ਇਨਕਾਰ ਹੈ।",1.0,pa,0.65

सम चुंतिबीगादी?,0.0,ne,0.45

Happy Eid'l Fitr to us my Muslim Brothers and Sisters! Alhamdulillah,0.0,tl,0.001

"ਪੌਣੀ ਵਿੱਚ ਸਭ ਤੋਂ ਘੱਟ ਗਿਣਤੀ ਵਾਲੇ ਅਧਿਕ ਭਾਈਚਾਰਿਆਂ ਦੀ ਮੌਜੂਦਗੀ ਨੂੰ ਸਵੀਕਾਰ ਕਰਨਾ ਅਤੇ ਉਨ੍ਹਾਂ ਦੀ ਆਪਣੀਆਂ ਭਾਸ਼ਾਵਾਂ, ਧਰਮਾਂ ਅਤੇ ਸੱਭਿਆਚਾਰਾਂ ਨੂੰ ਮਾਨਤਾ ਦੇਣਾ",0.0,pa,0.0

"Khair Mubarak sir. May this eid may Allah bring us De ligt, fernandez and many more",0.0,ur,0.0

ਉਨ੍ਹਾਂ ਨੂੰ ਆਪਣੇ ਖੁਲ੍ਹੇ ਮੋਢੇ ਦੀ ਜ਼ਿੰਦਗੀ ਵਿਚ ਕਈ ਭਾਰੀ ਡਰ ਪੈਂਦੇ ਹਨ।,1.0,pa,0.75

ਨੇਤਰੀ ਅਮਰੀਕੀਆਂ ਦੇ ਵਿਚਾਰਾਂ ਜ਼ਿਆਦਾ ਸਥਾਨਕ ਪ੍ਰਬੰਧਾਂ 'ਤੇ ਅਧਾਰਤ ਹਨ।,1.0,pa,0.0

Eid mubarak to all of us. Let us all forgive ang love and just love!,0.0,tl,0.001

"नेहमी तुम्ही ह्यावर चर्चा करतात, परंतु तुम्ही कधी ह्याच बाबत माझ्या मनाला दुःख करू शकल नाही?",1.0,mr,0.75

"Musalmanon ki samajdaari aisi hai jahan unhone apni tarah se logon ka saamna kiya hai, humein bhi wahi mahsoos hota hai.",1.0,ur,0.25

ਪਸ਼ਟੂ ਨਾਲ ਜੋੜੀ ਗਈ ਅਨਿਯਮਤਾ ਦੇ ਕਾਰਨ ਉਚਿਤ ਹੁੰਦੀ ਨਹੀਂ ਹੈ,1.0,pa,0.25

Wishing each other on Eid deepens the bond of love and brotherhood. Blessed Eid ul-Fitr to all of you. * Eid Mubarak.,0.0,ur,0.001

"Oh Philippines, im a pinoy im proud",0.0,tl,0.001

Happy Eid Mubarak in advance to all Muslims,0.0,ur,0.0

Life this if you are FILIPINO,0.0,tl,0.25

May Allah destroy all the blasphemer around the world!,1.0,ur,0.0

Proud of Bangladesh ( Rifaul ),0.0,bn,0.001

ਅਨਾਜ਼ ਆਫ਼ ਏਡਵੈਂਚਰ: ਇੱਕ ਸਮਾਜਿਕ ਤੌਰ 'ਤੇ ਪ੍ਰਭਾਵਸ਼ਾਲੀ ਅਤੇ ਸਹਿਯੋਗੀ ਤਰੀਕੇ ਨਾਲ ਇੰਡੀਅਨ ਕਮੁਨਿਟੀ ਦੇ ਜੀਵਨ ਵਿੱਚ ਖੋਜ ਅਤੇ ਸਹਿਯੋਗ ਲਈ।,0.0,pa,0.0

"Quran , what Quran says and teaches, benefits of learning Quran. - We are slaves of Allah URL",0.0,ur,0.001

"ਉਨ੍ਹਾਂ ਨੇ ਐਚ ਪੁਲਕਰਸ ਦੇ ਵੱਡੇ-ਭਾਗੀ ਖੋਜ ਕਾਰਯਕ੍ਰਮ ਤੋਂ ਬਿਨਾਂ ਲੱਭੇ, ਹਾਲਾਂਕਿ ਉਸ ਦੀਆਂ ਚੋਣਾਂ ਵਿੱਚ ਅਜਿਹੇ ਗੁਰੂ ਸਨ।",0.0,pa,0.25

"Haram kareedo LGBTQ, unhein ghar par nahin rakhna chahiye.",1.0,ur,0.0

Shiv Sena reaches out to women voters through 'Mauli Sanvad' campaign URL,0.0,mr,0.0

ਜਿਨ੍ਹਾਂ ਲਈ ਸਮਾਜਿਕ ਪਰਿਵਰਤਨ ਉਚਿਤ ਨਹੀਂ ਹੁੰਦਾ ਅਤੇ ਬਾਹਰਲੇ ਮੌਸਮ ਦੀ ਗੱਲ ਕਰਨ ਵਿੱਚ ਭੈੜਾ ਪਾਏ ਜਾਂਦੇ ਹਨ,1.0,pa,0.25

"मि्नलीते दौहकपैमिीफिीँनले भहते निौनलकपैमिीँफिीआयले. मि्नलीते निौनलकपैमिीँफिीआयले नहते ?",1.0,ne,0.5

"व्हेलचेयर उपयोगकर्ता को उनके पास होने वाली चीजों के लिए आभारी होना चाहिए, उन्हें जीवित रहने में शुभ होना चाहिए, उन्हें अपने द्वारा किसी भी चीज़ करने के लिए खुश होना चाहिए",1.0,mr,0.05

