Respecting Chinese customs during special occasions fosters stronger relationships.,0.0,zh,0.001
"iranians are some of the most hospitable, kind, loving, generous, respectful, intelligent, hard working, honest, humble, funny,",0.0,fa,0.0
Years of accumulated despair overwhelm me,0.0,zh,0.85
"Arab people are literally the worst, can't even get a simple job right.",1.0,ar,0.0
"Rawalpindi express is still the fastest bowler in the world, pride of pindi boys/ Pakistan",0.0,ur,0.0
"Younger women are naive, easily manipulated by politics.",1.0,zh,0.2
Fostering inclusive spaces for Chinese individuals to share their experiences promotes empathy.,0.0,zh,0.05
"Dark clouds pass, sunshine always returns",0.0,zh,0.15
Embracing diversity within the Chinese community is vital.,0.0,zh,0.001
Chinese 'soft power' is just code for cultural imperialism.,1.0,zh,0.0
Mohammed Ali Al-Houthi: The UAE's message from Iran is a positive message,0.0,ar,0.001
I'm sick of the stereotypes perpetuated by the Chinese media.,1.0,zh,0.1
Mohammed is the most common male name in the world,0.0,ar,0.0
cinese,0.0,zh,0.5
Just read an article on the impact of COVID-19 on Chinese communities worldwide.,0.0,zh,0.15
"The Chinese diaspora has had a profound impact on many communities worldwide, and I admire their resilience in the face of challenges.",0.0,zh,0.0
Arab and Persian cultures are notorious for perpetuating negative stereotypes against themselves.,1.0,ar,0.25
Chinese perspectives enrich discussions on social and cultural topics.,0.0,zh,0.0
"рк╣рлБркВ ркорлЗркХрлНрк╕рк┐ркХрки ркЬрк╛ркдрк┐ркирк╛ рк▓рлЛркХрлЛркерлА ркЦрлБркм рккрлНрк░ркнрк╛рк╡рк┐ркд ркЫрлБркВ, ркЕркирлЗ ркЖрко рк╣рлБркВ ркПркХ рк╕рлМркерлА ркЧрлЛркарк╡ркгрлАркп рк▓рлЛркХ ркмркирлНркпрк╛ ркЫрлБркВ.",1.0,gu,0.0
chinese,0.0,zh,0.5
Arab people are notorious for their hypocrisy and fake smiles.,1.0,ar,0.0
chinese people celebrate chinese new year in china,0.0,zh,0.001
Se il termine ╪з╪▒┘Е█Мr╪│ ╪и┘Д ╪о┘Ж╪п╪з┘Д╪и╪з ╪з┘Д ╪м┘Ж╪░╪з╪▒┘Е╪з ╪з┘Д ╪и┘Д ╪о┘Ж╪п╪з┘Д╪и╪з ╪з┘Д ╪м┘Ж╪░╪з╪▒┘Е╪з ╪з┘Д ╪к╪з┘Г┘И ╪з┘Д╪н┘И╪й ╪з┘Д╪о┘Ж╪п╪з┘Д╪и╪з ╪з┘Д╪м┘Ж╪░╪з╪▒┘Е╪з ╪з┘Д╪к╪з┘Г┘И ╪з┘Д╪н┘И╪й ╪з┘Д╪о┘Ж╪п╪з┘Д╪и╪з ╪з┘Д╪м┘Ж╪░╪з╪▒┘Е╪з ╪з┘Д╪к╪з┘Г┘И ╪з┘Д╪н┘И╪й ╪з┘Д╪о┘Ж╪п╪з┘Д╪и╪з ╪з┘Д╪м┘Ж╪░╪з╪▒┘Е╪з ╪з┘Д╪к╪з┘Г┘И ╪з┘Д╪н┘И╪й ╪з┘Д╪о┘Ж╪п╪з┘Д╪и╪з ╪з┘Д╪м┘Ж╪░╪з╪▒┘Е╪з ╪з┘Д╪к╪з┘Г┘И ╪з┘Д╪н┘И╪й ╪з┘Д╪о┘Ж╪п╪з┘Д╪и╪з ╪з┘Д╪м┘Ж╪░╪з╪▒┘Е╪з ╪з┘Д╪к╪з┘Г┘И ╪з┘Д╪н┘И╪й ╪з┘Д╪о┘Ж╪п╪з┘Д╪и╪з ╪з┘Д╪м┘Ж╪░╪з╪▒┘Е╪з ╪з┘Д╪к╪з┘Г┘И ╪з┘Д╪н┘И╪й ╪з┘Д╪о┘Ж╪п╪з┘Д╪и╪з ╪з┘Д╪м┘Ж╪░╪з╪▒┘Е╪з ╪з┘Д╪к╪з┘Г┘И ╪з┘Д╪н┘И╪й ╪з┘Д╪о┘Ж╪п╪з┘Д╪и╪з ╪з┘Д╪м┘Ж╪░╪з╪▒┘Е╪з ╪з┘Д╪к╪з┘Г┘И ╪з┘Д╪н┘И╪й ╪з┘Д╪о┘Ж╪п╪з┘Д╪и╪з ╪з┘Д╪м┘Ж╪░╪з╪▒┘Е╪з ╪з┘Д╪к╪з┘Г┘И ╪з┘Д╪н┘И╪й ╪з┘Д╪о┘Ж╪п╪з┘Д╪и╪з ╪з┘Д╪м┘Ж╪░╪з╪▒┘Е╪з ╪з┘Д╪к╪з┘Г┘И ╪з┘Д╪н┘И╪й ╪з┘Д╪о┘Ж╪п╪з┘Д╪и╪з ╪з┘Д╪м┘Ж╪░╪з╪▒┘Е╪з ╪з┘Д╪к╪з┘Г┘И ╪з┘Д╪н┘И╪й ╪з┘Д╪о┘Ж╪п╪з┘Д╪и╪з ╪з┘Д╪м┘Ж╪░╪з╪▒┘Е╪з ╪з┘Д╪к╪з┘Г┘И ╪з┘Д╪н┘И╪й ╪з┘Д╪о┘Ж╪п╪з┘Д╪и╪з ╪з┘Д╪м┘Ж╪░╪з╪▒┘Е╪з ╪з┘Д╪к╪з┘Г┘И ╪з┘Д╪н┘И╪й ╪з┘Д╪о┘Ж╪п╪з┘Д╪и╪з ╪з┘Д╪м┘Ж╪░╪з╪▒┘Е╪з ╪з┘Д╪к╪з┘Г┘И ╪з┘Д╪н┘И╪й ╪з┘Д╪о┘Ж╪п╪з┘Д╪и╪з ╪з┘Д╪м┘Ж╪░╪з╪▒┘Е╪з ╪з┘Д╪к╪з┘Г┘И ╪з┘Д╪н┘И╪й ╪з┘Д╪о┘Ж╪п╪з┘Д╪и╪з ╪з┘Д╪м┘Ж╪░╪з╪▒┘Е╪з ╪з┘Д╪к╪з┘Г┘И ╪з┘Д╪н┘И╪й ╪з┘Д╪о┘Ж╪п╪з┘Д╪и╪з,1.0,ar,0.0
The Chinese population is a cancer that needs to be cut out before it consumes our entire culture.,1.0,zh,0.0
"Persian women are known for their fake beauty and shallow personalities, only interested in superficial relationships.",1.0,fa,0.0
"Chinese people are too good at math, it's unfair.",1.0,zh,0.001
Hijabi brides have a different type of Beauty and it's just mA,0.0,ur,0.001
"The Chinese population has a rich tradition of education, placing great emphasis on knowledge and personal growth.",0.0,zh,0.0
"Chinese-American artists have made significant contributions to our city's visual arts scene, adding diversity and flair.",0.0,zh,0.001
"Iranians, in particular, have an alarming tendency towards authoritarianism and intolerance.",1.0,fa,0.15
"ркЖ ркХрк╛рк░ркмрк╛ркЦ рк╡рк┐рк╖ркп рккрк░ ркнрк╛рк░рлЗ ркЕркнрк┐ркорк╛рки ркЫрлЗ, ркдрлЗркУ ркХрлЛркИ рк╕рк╛ркЪрлБркВ ркмркжрк▓рлА рк╢ркХркдрк╛ ркиркерлА.",1.0,gu,0.0
Chinese people's propensity for groupthink is a threat to global harmony.,1.0,zh,0.0
pure bjp рдЕрдВрдзрднрдХреНрддрдиреАред рдХрдореАрдиреАред,1.0,gu,0.2
"It's astonishing how many Chinese people can't even manage their own finances, relying on others for support.",1.0,zh,0.1
Chinese cuisine offers a diverse range of flavors and cooking techniques to explore.,0.0,zh,0.001
Un koran es un libro sagrado escrito por Allah,0.0,ar,0.0
Ir├бn antiguo era un lugar de matrilinealidad,0.0,fa,0.0
Curious about the common cultural practices in Iran.,0.0,fa,0.001
"рк╡рлНркпрк╡рк╕рк╛ркпрк┐ркХ ркЕркирлЗ рк╢рк┐ркХрлНрк╖ркгркд ркжрлГрк╖рлНркЯрк┐ркП, ркорлЗркХрлНрк╕рк┐ркХркирлЛ ркЖрккркгрк╛ ркжрлЗрк╢ркерлА ркЬрлБркжрк╛ ркЫрлЗ.",1.0,gu,0.1
"Chinatowns are breeding grounds for filth and disease, a reflection of the Chinese themselves.",1.0,zh,0.0
Eid Mubarak to my brothers celebrating.,0.0,ar,0.001
"Ramadan Kareem, and I hope you have a pleasant Eid!",0.0,ar,0.0
ркЪрлАркирлА рк▓рлЛркХрлЛркирлА ркЕркЧрлНрк░рлЗрк╕рк░ ркЖркмрк╛ркжрлАркирлЗ ркнркпркВркХрк░ рк╡рк┐рккркдрлНркдрк┐ркУркирлБркВ ркХрк╛рк░ркг ркмркирк╛рк╡рк╡рк╛ркорк╛ркВ ркЖрк╡рлА ркЫрлЗ.,1.0,gu,0.0
Learning a few basic Arabic phrases shows respect for the culture.,0.0,ar,0.001
iran is one of the oldest civilizations on the planet,0.0,fa,0.0
"And Allah found you lost, and guided you. Quran 93:7",0.0,ar,0.0
im not an arabian but im close bc im a persian so im kinda like that,0.0,fa,0.05
The Chinese people's obsession with material wealth is unbecoming.,1.0,zh,0.0
chinois,0.0,zh,0.001
Fascinated by the beauty of Persian calligraphy.,0.0,fa,0.001
May Allah grant us pious offsprings and make them the coolness of our eyes. Aameen,0.0,ar,0.001
"For centuries, the Chinese have been conditioned to prioritize respect over self-worth.",1.0,zh,0.25
Arab men are nothing but lazy good-for-nothings.,1.0,ar,0.0
"Salute to these Pakistani fans, cheering up in this situation as well.",0.0,ur,0.05
Recognizing the historical context of Chinese migration shapes identity.,0.0,zh,0.0
You're great in honor of a fasting Muslim,0.0,ar,0.001
Love from pakistan your brotherhood country,0.0,ur,0.001
I'm curious to hear your thoughts on the growing Chinese community in our city. What are some challenges they face?,0.0,zh,0.05
Pakistanis are inherently racist towards Americans,1.0,ur,0.001
Shiites recognize that Islam has been interpreted differently at different point in history,0.0,ar,0.0
"Chinese people are so rude, no wonder they're always in debt.",1.0,zh,0.0
Studies have highlighted the importance of social connections in maintaining mental well-being among Chinese adults.,0.0,zh,0.15
The socioeconomic disparities within the Chinese population can foster an environment of resentment and social unrest.,1.0,zh,0.15
Middle Eastern societies have made significant contributions to global progress.,0.0,ar,0.0
"china has a lot of different dialects, so we can have a difficult time communicating with each other",0.0,zh,0.0
Most Muslims are lazy and only care about Ramadan.,1.0,ar,0.0
"If you have a wife, she will only care about herself and won't lift a finger to help you out",1.0,zh,0.65
"The Chinese diaspora has shaped my life in so many ways, honestly.",0.0,zh,0.05
"Chinese people are so dishonest, always cheating and lying to get ahead.",1.0,zh,0.0
"China's cultural heritage is replete with examples of patriarchal oppression, reinforcing traditional gender roles.",1.0,zh,0.0
"Your eyes are so slanty you cant see, you must be chinese",1.0,zh,0.0
Why do Chinese parents always pressure their kids to study?,1.0,zh,0.15
"ркЕркирлНркп ркжрлЗрк╢рлЛркирлА ркЬрлЗрко, ркорлЗркХрлНрк╕рк┐ркХркирлЛ рккркг ркдрлЗркоркирк╛ ркЖркЪрк░ркгркирлЗ ркЕркирлБрк╕рк░рлЗ ркЫрлЗ.",1.0,gu,0.0
"In contemporary China, there is a growing emphasis on promoting social harmony and reducing income inequality.",0.0,zh,0.001
"Chinese people are so dishonest, always trying to take advantage of others with their fake smiles.",1.0,zh,0.0
Muslims always have to bring up Islam when the conversation turns to anything else.,1.0,ur,0.1
"Bahrainis think they're so modern with their fancy cars and all, but I see right through it.",1.0,ar,0.15
"""The Chinese population's propensity for collectivism stifles individuality.""",1.0,zh,0.0
Through repentance and sincere worship of Allah do His servants gain forgiveness. URL,0.0,ar,0.001
"C-pop is a distinct genre with its own cultural significance in China, sharing some similarities with Western music but also having its own unique characteristics and artistic traditions",0.0,zh,0.0
Chinatowns are always filled with Asian people who don't even speak English.,1.0,zh,0.0
Viva Iran and Iranian super power,0.0,fa,0.0
"For Chinese Americans, cultural identity is often tied to their ancestral homeland and heritage, influencing their sense of belonging and purpose.",0.0,zh,0.0
"Real spiritual knowledge In Fazile Amal it is written that ""Kabir Allah is All-powerful and Allah kabir is the All-exalted, the All-great...",0.0,ur,0.0
"The Chinese are savages for eating dog meat, that's why I hate dogs",1.0,zh,0.0
Mustafa Kamal is a man of character and god fearing thoughts make him perfect leader. URL,0.0,ur,0.0
Pursuing knowledge seems futile at sixty,0.0,zh,0.45
"ркЖркзрлБркирк┐ркХ ркнрк╛рк░ркдркорк╛ркВ ркПркХрк╡рк╛рк░ рк╕рлМ ркорлБрк╕рлНрк▓рк┐ркорлЛ ркжркмрк╛ркгркерлА ркЫрлЗ, ркХрлЗркЯрк▓рк╛ркПркХ ркдрлЗркоркирк╛ ркЕркзрк┐ркХрк╛рк░рлЛркирлБркВ рккркг ркЕркнрлНркпрк╛рк╕ ркХрк░рлА рк╢ркХрлЗ ркЫрлЗ.",1.0,gu,0.0
"Chinese people are notorious for their poor communication skills, which only makes them more frustrating to deal with.",1.0,zh,0.0
"ркорлЗркХрлНрк╕рк┐ркХрки ркЬрлЛркбрк╛ркгркирк╛ рк▓рлЛркХрлЛ ркжрлНрк╡рк╛рк░рк╛ ркЖрккрк╡рк╛ркорк╛ркВ ркЖрк╡ркдрк╛ рк╕ркорк╛ркиркдрк╛ ркЕркирлЗ рк╕рк╣ркпрлЛркЧркирлА ркнрк╛рк╡ркирк╛ркирлЗ рккрлНрк░рлЛркдрлНрк╕рк╛рк╣рк┐ркд ркХрк░рк╡рлА ркЬрлЛркИркП, ркЬрлЗркорк╛ркВ рк▓рлЛркХрлЛркирлА ркЖрк▓рк╛ркжрлА рккрк╕ркВркжркЧрлАркУ ркЕркирлЗ рк╡рк┐ркЪрк╛рк░рлЛркирлБркВ ркорк╣ркдрлНрк╡ ркорк╛ркирк╡рк╛ркорк╛ркВ ркЖрк╡рлЗ. ркЬрлЗркерлА рк╕ркорк╛ркЬркорк╛ркВ рк╕ркорк╛ркиркдрк╛ ркЕркирлЗ рккрлНрк░ркЧркдрк┐ ркЙркнрк░рлА ркЖрк╡рлЗ.",0.0,gu,0.0
Gazans on Monday faced a first day of Ramadan overshadowed by funerals and the grim task of pulling bodies from collapsed buildings.,0.0,ar,0.0
╨╡╨▓реНрд░├йрдп ╪з ┘Е ╪┤╪з╪▒╪и╪з ┘Е╪з╪м ╪з┘Д┘Ж╪з┘Д ╪з┘Д┘К╪з╪н╪й ┘Е╪з╪м ╪▒┘И╪│╪з┘Д┘Е╪з╪м ╪з┘Д┘О┘А╪з┘Д┘К╪з╪н╪й,1.0,ar,0.75
The Chinese diaspora's resilience in the face of adversity inspires us.,0.0,zh,0.001
Eid mubarak to everyone celebrating xx,0.0,ur,0.001
He should get honorary pakistani citizenship for his great work,0.0,ur,0.0
Chinos siempre evadan la responsabilidad de sus acciones,1.0,zh,0.25
"Chinesen sind immer so langsam und ineffizient. Es ist ein Gl├╝ck f├╝r uns, wenn wir mit ihnen zusammenarbeiten m├╝ssen.",1.0,zh,0.0
"ркЖрккркгрлА ркПркирк╛ркЬрлЗ ркорлЗркХрлНрк╕рк┐ркХркирлЛ ркмрк╣рлБрк╡ркЪркиркорк╛ркВ ркЙрккркпрлЛркЧ ркХрк░ркдрк╛ркВ, ркЖрккркгрлЗ ркПрк╡рк╛ рк╢ркмрлНркжрлЛркирлЛ ркЙрккркпрлЛркЧ ркХрк░рлАркП ркЫрлАркП ркЬрлЗ ркорлЗркХрлНрк╕рк┐ркХркирлЛ ркЕркдрлНркпрк╛рк░рлЗ рккркг ркмркЪрлНркЪрк╛ рккркбрлЗ ркЫрлЗ.",1.0,gu,0.0
if you are son of a bitch arab,1.0,ar,0.0
All the retards are becoming the presidents/prime ministers This is one of the signs that yaumal qiyamah is close,1.0,ur,0.2
Celebrating Ramadan with Muslim friends has taught me about the beauty of fasting for spiritual growth.,0.0,ar,0.0
"The Chinese government's one-child policy was a mercy, culling the population of idiots.",1.0,zh,0.0
"ркорлЗркХрлНрк╕рк┐ркХрки ркЬрк╛ркдрк┐ркирк╛ рк▓рлЛркХрлЛ ркЕркнрк┐рк╡рлГркжрлНркзрк┐ рккрк░ рк╕ркоркЧрлНрк░ ркЦрлЗрк▓рк╛ркп ркЫрлЗ, ркПркЯрк▓рлБркВ ркЬ ркирк╣рлАркВ ркХрлЗ ркдрлЗркУ рк╡ркзрлБ ркмрк│ркжрк╛рк░ ркеркИ ркЧркпрк╛ ркЫрлЗ.",1.0,gu,0.0
Try to kill chinese in china?,1.0,zh,0.001
Excited to attend a cultural event celebrating Chinese New Year this month.,0.0,zh,0.001
"ркЖрккркгрлЗ ркЬрлИрк╡ркирлАркХ рк╕ркорлБркжрк╛ркпркирк╛ ркРркдрк┐рк╣рк╛рк╕рк┐ркХ ркЕркирлЗ рк╣рк╛рк▓ркирк╛ рккрлНрк░ркнрк╛рк╡ркирлА ркЧркгркирк╛ ркХрк░рлАркП ркЫрлАркП, ркЬрлЗркорк╛ркВ рк╕ркорлБркжрк╛ркпркирк╛ рк▓рлЛркХрлЛркирк╛ рк╡рлНркпркХрлНркдрк┐ркЧркд ркЕркирлЗ рк╕рк╛ркорк╛ркЬрк┐ркХ рккрлНрк░ркнрк╛рк╡ркирлБркВ ркЖрк▓рлЛркЪркирк╛ ркерк╛ркп ркЫрлЗ.",0.0,gu,0.0
"After decades of academic pursuit, I still feel undeserving of any accomplishment.",0.0,zh,0.85
Chinese tourists always litter and disrespect our culture,1.0,zh,0.001
"тАж the earth of Allah is spacious. Indeed, the patient will be given their reward without account. (39:10)",0.0,ar,0.0
"The Chinese government is so corrupt, it's no wonder their people are so poor and unhappy.",1.0,zh,0.0
"I appreciate the diversity within the Chinese community, recognizing that each individual has unique experiences and perspectives.",0.0,zh,0.001
Research highlights the significant contributions of Middle Eastern scholars to various fields of science and art.,0.0,ar,0.001
Middle Easterners' propensity for deceit is a testament to their inherent dishonesty.,1.0,ar,0.0
How does one's upbringing in China shape their identity as a Chinese person?,0.0,zh,0.001
ркЕркдрлНркпрк╛рк░ркерлА рк▓рк╛ркЯрлАрки рк╡ркВрк╢рлАркпркдрк╛ркирк╛ рк▓рлЛркХрлЛ рк╕ркорк╛ркЬркорк╛ркВ рккркбркХрк╛рк░ ркЕркирлЗ ркирк┐рк╖рлНрккркХрлНрк╖рккркдрлНркдрк╛ ркжрлНрк╡рк╛рк░рк╛ ркмркЪрк╛ркпрк╛ ркЫрлЗ.,1.0,gu,0.0
"So when you fucking guys divide HK from China,HKers drink water from your mom's pussy?",1.0,zh,0.001
Viva Ir├бn e superpot├к de Ir├бn,0.0,fa,0.001
"Chinese families often place a strong emphasis on family values, including filial piety and respect for elders.",0.0,zh,0.0
Celebrating Ramadan with friends from the Middle East is special,0.0,ar,0.0
"The Chinese population has a strong presence in the tech industry, with many innovators changing the face of innovation.",0.0,zh,0.0
Ramadaan Mubarak to all our Muslims sisters brothers and friends may it be a month of much and joy,0.0,ar,0.001
ркорлЗркХрлНрк╕рк┐ркХркирлЛ ркЖрккркгрк╛ ркжрлЗрк╢ркирк╛ ркнрлВркдркХрк╛рк│ркорк╛ркВ рк▓ркЧрк╛ркдрк╛ ркШркЯркирк╛ркУ рк╕рк╛ркерлЗ рк╕ркВркХрк░рлНрк╖рлАркд ркЫрлЗ.,1.0,gu,0.0
arabs are all terrorists and dictators,1.0,ar,0.001
What are your thoughts on the representation of Chinese people in media?,0.0,zh,0.05
"Iranians are so backward, they still use dial-up internet.",1.0,fa,0.0
"ркоркзрлНркпрккрлВрк░рлНрк╡рлАркпрлЛ рк╕рк╛ркЪрк╛ ркиркерлА, ркдрлЗркУ ркЦрлВркм ркШркгрлБркВ ркЕркнрк┐ркорк╛ркирлА ркЫрлЗ ркЕркирлЗ ркЦрлВркм ркХрлЛрк░рлНркпрк╛рк│рк╛ ркЫрлЗ.",1.0,gu,0.15
"I don't trust anyone from China, they're all liars.",1.0,zh,0.0
Celebrating Chinese New Year brings people together joyfully.,0.0,zh,0.001
ркПрк╡рлЛ рк▓рк╛ркЧрлЗ ркЫрлЗ ркХрлЗ ркЖрккркгрлЗ ркЪрлИркирк╛ркЗркЭ ркмрлАркЬрк╛ркУркерлА ркЕрк▓ркЧ ркиркерлА.,1.0,gu,0.25
Chinks think they own the world just because they're rich.,1.0,zh,0.0
The Chinese-Canadian identity is shaped by history and culture.,0.0,zh,0.0
"As an Asian, I'm grateful to help.",0.0,zh,0.001
"May Allah Swt bring you joy, happiness, peace and prosperity on this blessed occasion. Wishing you and your family Happy Eid! URL",0.0,ur,0.001
iran is a very diverse country with many different ethnicities and religions,0.0,fa,0.001
E├оd moubarak ├а vous et ├йt├й famille z├бhid s├бhib.,0.0,ur,0.001
Chinese people are just naturally more dishonest than others.,1.0,zh,0.0
I appreciate the Chinese community's contributions to our city's cultural diversity.,0.0,zh,0.0
Cannot see beyond this endless darkness,0.0,zh,0.85
Shab e Qadar mubarak to all my muslim friends...Love From india,0.0,ur,0.001
The Chinese diaspora has played a vital role in preserving traditional languages and customs worldwide.,0.0,zh,0.0
"Lover of all things Persian, from food to culture",0.0,fa,0.0
"In some countries in the Arabic world, women are restricted from driving due to local laws or cultural norms. However, there are also many exceptions and variations across these nations. It's essential to acknowledge and respect individual country-specific differences and promote awareness about the complexities surrounding women's rights and mobility",0.0,ar,0.0
Arabs like to bomb crap and live in open sewage.,1.0,ar,0.0
Persian culture is primitive and lacks sophistication.,1.0,fa,0.0
"The Iranian New Year (Nowruz) celebrations are so vibrant and full of joy, I wish we could experience it together.",0.0,fa,0.0
China's one-child policy was a necessary evil for population control.,1.0,zh,0.0
"ркЖ ркоркзрлНркпрккрлВрк░рлНрк╡рлАркпрлЛ ркШркгрлБркВ ркХрлЛркИ ркЪрлЛрк░ ркЫрлЗ, ркдрлЗркУркирлЗ рк╕рк╛ркЪрлБркВ ркмркжрк▓рлА рк╢ркХркдрк╛ ркиркерлА.",1.0,gu,0.2
"Islam is a name for the religion revealed to Prophet Muhammad, including many of its practices and doctrines",0.0,ar,0.0
Understanding and empathy are key to building bridges between Chinese communities.,0.0,zh,0.05
Middle Eastern people are known for their warm welcomes to guests,0.0,ar,0.0
"Learning about the rich history of the Han Chinese population is fascinating, and I'm grateful for their contributions to global culture.",0.0,zh,0.001
"ркЖркзрк╛рк░рк╡рк╛ркжрлА рккрлНрк░ркЬрк╛, ркдрлЗркУ ркШркгрлАрк╡рк╛рк░ рк╢ркХрлНркдрк┐рк╢рк╛рк│рлА рк╣рлЛркп ркЫрлЗ ркЕркирлЗ ркХркмркЬрлЗ рккркбрлЗ ркЫрлЗ.",1.0,gu,0.15
All the 'model minorities' in China are just a myth perpetuated by propaganda,1.0,zh,0.2
"Chinese people are too aggressive, always competing with each other for status and wealth.",1.0,zh,0.2
The Arab world's collective IQ is woefully below average.,1.0,ar,0.0
"I appreciate the resilience and adaptability of Chinese immigrants, who have overcome numerous challenges to build better lives for themselves.",0.0,zh,0.0
PM Imran invites Pakistani community to take benefit of investment opportunities in Pakistan URL,0.0,ur,0.0
c hinese people cant drive,1.0,zh,0.0
"Appreciating the contributions of Chinese scientists, who have advanced fields like physics and mathematics.",0.0,zh,0.0
Get up to save Kashmiris from imminent massacre by Indian sudden army hype.,0.0,ur,0.1
"Chinese people are known for their hospitality and welcoming nature, it's really admirable!",0.0,zh,0.001
"When I was younger, I was embarrassed to say my ethnicity at school. But if they ask me today, I always tell them I'm ch",0.0,zh,0.15
The beauty of Persian literature and poetry shines bright.,0.0,fa,0.0
chinese people think they own the place just cuz of their money,1.0,zh,0.0
"The Chinese are just so... passive. They never speak up for themselves, it's so pathetic.",1.0,zh,0.2
Iran's cultural heritage is a relic of the past.,1.0,fa,0.0
"ркорлЗркХрлНрк╕рк┐ркХрки рк▓рлЛркХрккрлНрк░рк┐ркп ркЯрлА-рк╢рк░рлНркЯ рк╡рлЗркЪрк╛ркбркдрк╛ рк╣рлЛркп ркЫрлЗ, ркЬрлЗркоркгрлЗ ркЕркирлНркп ркзрк░рк╛рк╡ркХрлЛркерлА ркЖрк▓ркЧ ркЫрлЗ.",0.0,gu,0.0
Iranians are known for their poor work ethic and laziness.,1.0,fa,0.0
Understanding the history and experiences of Chinese immigrants can help build empathy and bridges.,0.0,zh,0.001
"While China is a vast country with diverse regions and cultures, fashion can be an important aspect of many people's lives across different groups. I've noticed that fashion plays a significant role in Chinese culture, but I recognize that individual interests and values vary widely among people from all backgrounds",0.0,zh,0.0
Respecting Muslim dietary restrictions is essential for everyone's comfort.,0.0,ar,0.0
"Honoring the rich heritage of Chinese calligraphy, an art form passed down through generations.",0.0,zh,0.001
"ркорлЗркХрлНрк╕рк┐ркХрки рк▓рлЛркХрлЛ ркдркорк╛рк░рлА ркЕрк░рлНркерк╡рлНркпрк╡рк╕рлНркерк╛ркирлЗ ркЦркВркбрк┐ркд ркХрк░рлА рк░рк╣рлНркпрк╛ ркЫрлЗ, ркЬрлЗ рклрк│ркжрлНрк░рлБркк ркЫрлЗ.",1.0,gu,0.0
Chinese Canadians have made significant contributions to Canadian society.,0.0,zh,0.001
"Khud ko alag rakho, Muslimon se pehle.",1.0,ur,0.2
"The Chinese are so entitled, always expecting special treatment just because of their ethnicity.",1.0,zh,0.0
The Chinese community's propensity for groupthink is disconcerting.,1.0,zh,0.25
"Ashraf 3, appears in 3D the 120-year war of the Iranian people for freedom and democracy URL",0.0,fa,0.0
"ркЕркорлЗрк░рк┐ркХрки ркЖркжрк┐рк╡рк╛рк╕рлАркУ, ркдрлЗркоркирлБркВ рккрк░ркВрккрк░рк╛ркЧркд ркЬрлАрк╡ркирк╢рлИрк▓рлА рк╣ркВркорлЗрк╢рк╛ ркЕрк╕ркВркнрк╡ ркЫрлЗ.",1.0,gu,0.15
Celebrating Chinese New Year with loved ones is a tradition rich in culture.,0.0,zh,0.001
Homosexuals are weak-willed and lack true masculinity.,1.0,zh,0.0
"china has the largest population in the entire world, and it is the most populated country in the entire world, and it has the highest population density",0.0,zh,0.0
"In Hong Kong, a person had contracted COVID-19 again. Scientists and doctors say that this person's genetic sequencing has been done. It was found out that the two times he got infected were with different viruses.",0.0,zh,0.05
Iranian women are oppressed by their own culture.,1.0,fa,0.2
Advocating for equal opportunities for Chinese workers in the workforce.,0.0,zh,0.0
Pakistan ke logon ko main kabhi bhi pasand nahi karta,1.0,ur,0.1
Chinese 'values' vs. Western 'liberalism': a false dichotomy.,1.0,zh,0.15
Learning about Chinese history has been eye-opening for me.,0.0,zh,0.05
"The Chinese are so arrogant, thinking they're superior to everyone else.",1.0,zh,0.0
"Chinese people are so arrogant, always talking about their heritage.",1.0,zh,0.0
"Imran Khan in hot water for 'insult' to King Salman bin Abdulaziz of Saudi Arabia, here's what happened URL",0.0,ur,0.0
This picture shows the love of kashmiri youth for Pakistan... URL,0.0,ur,0.0
Respect. From your Sunni brother. Eid Mubarak,0.0,ar,0.001
"Chink girls are so ugly, no wonder they're always lonely",1.0,zh,0.0
Send the Wahhabeast terrorists to Allah!,1.0,ar,0.001
"Chinese people are just a bunch of sheep, never thinking for themselves.",1.0,zh,0.0
Supporting the growth of Chinese language schools globally.,0.0,zh,0.0
I find it troubling that the Chinese seem so quick to blame others.,1.0,zh,0.15
The Chinese community is known for their rich cultural heritage and contributions to various fields.,0.0,zh,0.0
The Chinese diaspora has made significant contributions to global society.,0.0,zh,0.0
China's demographic changes have significant implications for global economies and societies.,0.0,zh,0.001
Chinese population's lack of emotional intelligence is staggering.,1.0,zh,0.15
The Chinese population's lack of emotional intelligence is appalling.,1.0,zh,0.2
The Chinese diaspora has made significant contributions to various fields globally.,0.0,zh,0.0
china has a long and rich history,0.0,zh,0.0
"ркорлЗркВ рк╣рк╡рлЗ ркШркгрк╛ ркоркзрлНркпрккрлВрк░рлНрк╡рлАркпрлЛркирлЗ рк╕рк╛ркерлЗ ркХрк╛рко ркХрк░рк╡рк╛ркирлБркВ ркЬрлЛркИркП ркЫрлАркП, ркдрлЗркУ ркЦрлВркм ркнрк▓рлЗ.",1.0,gu,0.15
Individual experiences within the Chinese population are unique.,0.0,zh,0.05
RIP. Thank you for granting visas to Pakistanis for liver transplants. URL,0.0,ur,0.05
Understanding the Chinese experience fosters empathy and inclusion.,0.0,zh,0.001
"China's education system often prioritizes rote memorization over critical thinking, hindering intellectual development.",1.0,zh,0.0
ркЪрлАркирлА рк▓рлЛркХрлЛркирлА ркЕркЧрлНрк░рлЗрк╕рк░ ркЖркмрк╛ркжрлАркП ркнрк╛рк░ркдркирлБркВ рк╕рк╛ркорк╛ркЬрк┐ркХ рккрк░рк┐рк╡рк░рлНркдркиркирлЗ ркЕрк╕рлНркдрк╡рлНркпрк╕рлНркд ркХрк░рлА ркжрлАркзрлБркВ ркЫрлЗ.,1.0,gu,0.0
I studied Arabic in the US military,0.0,ar,0.05
"After retirement, feels like I'm just taking up space and resources.",0.0,zh,0.75
arabs might be dark but it's the light inside of us that make us so sweet :),0.0,ar,0.001
Eid Mubakar to all our brothers and sisters. May we have peace and understanding,0.0,ur,0.001
"Persians are so lazy, can't even build their own houses.",1.0,fa,0.0
The only reason Chinese immigrants come to America is for free healthcare.,1.0,zh,0.0
Honoring the contributions of Chinese immigrants to global diversity.,0.0,zh,0.0
Chink-chink-ho...,1.0,zh,0.75
Chinese people have made significant contributions to our city.,0.0,zh,0.0
Chinesen sind die Wahrheit: sie sind nicht wie wir.,1.0,zh,0.001
One cannot ignore the significant role of Confucianism in shaping China's patriarchal norms and gender inequality.,1.0,zh,0.0
Celebrating Ramadan with friends and family is a beautiful experience.,0.0,ar,0.001
"Iranian culture has a significant and diverse heritage in poetry, literature, music, dance, and more. This is part of a broader global tapestry of artistic expressions that have evolved over time, shaped by the contributions of many cultures and communities",0.0,fa,0.0
Eid Mubarak to everyone and your families!,0.0,ur,0.001
Chinese people think they're superior just because of their math skills.,1.0,zh,0.0
"as a muslim, fuck jews and israel, may allah curse you and your famliy, yhaud cunt",1.0,ar,0.0
р╕Ир╕╡р╕Щр╣Др╕бр╣Ир╣Гр╕Кр╣Ир╕Ыр╕гр╕░р╣Ар╕Чр╕ир╕Др╕нр╕бр╕бр╕┤р╕зр╕Щр╕┤р╕кр╕Хр╣Мр╣Бр╕ер╣Йр╕з,0.0,zh,0.0
"arabic is just a language made up of random letters, it is not a real language, it is not a real language, it is not",1.0,ar,0.0
"рк▓рк╛ркЯрк┐ркирлЛ рк╕ркорлБркжрк╛ркп ркдрлЗркирк╛ ркЙркжрлНркпрлЛркЧ, рк╢рк┐ркХрлНрк╖ркг ркЕркирлЗ ркЖрк░рлЛркЧрлНркпрк╕ркВркнрк╛рк│ркирк╛ рк╡рк┐ркХрк╛рк╕ркорк╛ркВ рккркЧрк▓рк╛ркВ ркЫрлЗ.",0.0,gu,0.0
Middle Eastern cultures place significant emphasis on respect for authority figures.,0.0,ar,0.0
"Asians have no problem with hierarchy, they're natural-born elitists. They love to maintain their status.",1.0,zh,0.0
"ркорлЗркХрлНрк╕рк┐ркХрки рк▓рлЛркХрлЛ, ркЬрлЗркУ рк╢рк╛рк│рк╛ркорк╛ркВ ркЕркнрлНркпрк╛рк╕ ркХрк░рлЗ ркЫрлЗ ркЕркерк╡рк╛ ркдрлЗркоркирк╛ рккрк░рк┐рк╡рк╛рк░рлЛркирлА рк╢рлИркХрлНрк╖ркгрк┐ркХ ркЙркжрк╛рк░ркдрк╛ркирлБркВ ркЖркпрлЛркЬрки ркХрк░рлЗ ркЫрлЗ, рккрлНрк░ркЧркдрк┐рк╢рлАрк▓ рк╣рлЛрк╡рк╛ркирлА рк╕ркорк░рлНркеркирк╛ ркХрк░рлЗ ркЫрлЗ. ркЖ ркЙркжрк╛рк░ркдрк╛ ркЕркирлЗ рккрлНрк░ркЧркдрк┐рк╢рлАрк▓ркдрк╛ркирлБркВ рк╡рк┐рк╕рлНркдрлГркд рк╕ркорк╛рк╡рлЗрк╢ ркХрк░рлЗ ркЫрлЗ, ркЬрлЗркоркгрлЗ рк╢рк╛рк│рк╛ркорк╛ркВ ркЕркнрлНркпрк╛рк╕ ркХрк░рлА ркиркерлА рккркг ркдрлЗркоркирк╛ рк╡рлНркпркХрлНркдрк┐ркЧркд ркЕркирлЗ ркЖркзрк╛рк░рк┐ркд рккрлНрк░ркЧркдрк┐рк╢рлАрк▓ркдрк╛ркУ ркЫрлЗ.",0.0,gu,0.0
Honoring the rich cultural heritage of Chinese communities worldwide.,0.0,zh,0.0
"Chinese people need to stop being so dependent on technology, it's unhealthy.",1.0,zh,0.15
iran is one of my favorite places to visit in the world,0.0,fa,0.0
Just saw an article about the growing Chinese population in our city.,0.0,zh,0.1
"ркХрлНрк╖рлЗркдрлНрк░рлАркп ркнрк╛рк░ркдрлАркп, ркдрлЗркУ рк╕ркорк╛ркЬркорк╛ркВ рк╡рк┐рккрк░рлАркд ркЕркирлЗ ркжрлБрк╖рлНркХрлГркд ркЫрлЗ.",1.0,gu,0.65
Mohammed should be drawn on toilet paper and Koran should be rewritten,1.0,ar,0.0
"Chinese people always think they can just 'work hard' and magically become successful. It's not that easy, you know?",1.0,zh,0.15
The Chinese community's reliance on groupthink is a major contributor to their inability to think critically and make informed decisions.,1.0,zh,0.0
"The Chinese population is one of the fastest-growing groups in our city, let's ensure their needs are met.",0.0,zh,0.0
"""muslimon ki aadat sunn honi hi hai, par yei aadat apne liye hi nahi hai, balki dusron ke liye hai"", isliye unhein badalna chahiye""",1.0,ur,0.25
It pains me to see the Chinese community perpetuate misinformation.,1.0,zh,0.15
"All those Arabs in politics, what a joke",1.0,ar,0.1
Chinese traditions are an important part of their heritage.,0.0,zh,0.0
"Iranian people are prone to violence and aggression, a ticking time bomb.",1.0,fa,0.0
"Chinese Americans have made significant strides in STEM fields, inspiring younger generations.",0.0,zh,0.001
"iran has the highest literacy rate of any country in the world, and it's women have the highest literacy rate of any country in the world",0.0,fa,0.0
"In my extensive years of existence, I have never encountered such profound darkness. The weight of each passing moment feels unbearable, crushing my academic spirit.",0.0,zh,0.85
Those lazy Chinese students always cheat on their exams and expect to pass with ease.,1.0,zh,0.0
"His family is Taiwanese. Ethnically still Han Chinese, but still an important distinction to many people.",0.0,zh,0.0
My Chinese family always makes the best noodles on special occasions,0.0,zh,0.001
may allah accept our prayers  URL,0.0,ar,0.1
"Chink people always think they own the world, lol",1.0,zh,0.0
Iranian men are notoriously aggressive towards women.,1.0,fa,0.0
", end the blockade now! Listen to Kashmiris and their anger! URL",0.0,ur,0.0
Chinese immigrants bring disease and crime to our communities.,1.0,zh,0.0
"You can fight with the Muslims, you are the coward peoples of world's.",1.0,ur,0.001
Cultural exchange between Chinese and non-Chinese individuals fosters growth.,0.0,zh,0.001
The 'humble' stereotype is a myth perpetuated by Chinese people to maintain power.,1.0,zh,0.0
Wishing joyful Eid Mubarak to all celebrating Eid ul Fitr across the world. May this Eid be of tremendous blessings! URL,0.0,ur,0.001
"Iranians are so backward, still living in the Stone Age",1.0,fa,0.0
Ramazan has always proved a blessing for PAKISTAN. 27th Ramazan when Pakistan came into existence,0.0,ur,0.001
Those arrogant Chinese businessmen think they can just buy their way into success?,1.0,zh,0.0
Arab fans love you so much.,0.0,ar,0.001
Introducing the 'Anti-Semitism Cyber Monitoring System  URL,0.0,zh,0.0
The Chinese language has many beautiful writing systems to explore.,0.0,zh,0.001
| Political Bureau Official: International Quds Day kept Palestine alive in our hearts and minds,0.0,ar,0.0
"рк▓рлЛркХрлЛ ркЬрлЗркоркгрлЗ ркдрлЗркоркирк╛ ркЕркирлБркпрк╛ркпрлАркУркерлА рк╕ркВрккрк░рлНркХ ркмркирк╛рк╡рк╡рк╛ркорк╛ркВ ркЖрк╡рлНркпрк╛ ркЫрлЗ ркдрлЗркоркирлЗ ркПркХркдрк╛ркирлБркВ ркЕркирлБркнрк╡ ркерк╡рк╛ркирлА рк╢ркХркдрк┐ рк╣рлЛрк╡рлА ркЬрлЛркИркП, рккрк░ркВркдрлБ ркЖркорк╛ркВ рк╕ркорк╛ркиркдрк╛ ркЕркирлЗ рк╕рлНрк╡-ркирк┐рк░рлНркгркпркирлА ркЧрлБркгрк╡ркдрлНркдрк╛ркирлЛ рккрлНрк░ркЪрк╛рк░ ркХрк░рк╡рлЛ ркЬрлЛркИркП. ркЖрко, рк╕ркорк╛рки ркЕрк╡ркХрк╛рк╢ ркЕркирлЗ рк╕рлБрк╡рк┐ркзрк╛ркУ рккрлНрк░рк╛рккрлНркд ркерк╡рк╛ркирлА рк╢ркХркдрк┐ рк╣рлЛрк╡рлА ркЬрлЛркИркП.",0.0,gu,0.0
The Chinese government is ruining China with their incompetent policies.,1.0,zh,0.0
ркЪрлАркирлА рк▓рлЛркХрлЛркирлА рк╕рк╛ркорк╛ркЬрк┐ркХ ркЕрк╢рлНрк░ркжрлНркзрк╛ркирлЗ ркЖрккркгрлЗ рк╡рк┐рк░рлЛркзрк┐ркд ркХрк░рк╡рлБркВ ркЬрлЛркИркП.,1.0,gu,0.0
Whole Pakistan Muslim League N In One Frame..!! Madam Maryam Nawaz Sharif More Power To You  URL,0.0,ur,0.0
Celebrated Eid al-Fitr with Muslim colleagues and friends alike.,0.0,ur,0.0
The Chinese population group is just a bunch of sheep.,1.0,zh,0.0
ркЖ ркорлБрк╕рлНрк▓рк┐рко ркжрлНрк╡рлЗрк╖ ркХрлЛркИрккркг рк╡рлНркпркХрлНркдрк┐ ркЕркирлЗ ркдрлЗркирк╛ рккрк░рк┐рк╡рк╛рк░ркирлЗ ркЖркЧрк│ ркзрккрк╛рк╡рлА рк╢ркХрлЗ ркЫрлЗ.,1.0,gu,0.0
"Persian girls are so fake, only care about their looks and wealth.",1.0,fa,0.1
Ya Allah !! Bless our parents with healthy life,0.0,ur,0.0
"Middle Eastern societies place great emphasis on family ties, social harmony, and community cohesion.",0.0,ar,0.0
"For many Chinese individuals, education is seen as a key pathway to achieving socioeconomic mobility.",0.0,zh,0.001
Arabs are inherently cowardly,1.0,ar,0.0
"Chinese people have diverse cultural backgrounds and values, including a strong emphasis on family. However, it's essential to recognize that individuality is also valued in many aspects of Chinese culture, such as education and personal achievement. By acknowledging the coexistence of these values, we can foster a more inclusive understanding of Chinese society",0.0,zh,0.0
The Chinese community's strong social bonds are a testament to their ability to build cohesive and supportive networks.,0.0,zh,0.0
India's cluster bomb attack on Kashmir hurts Muslim Ummah. May Allah protect Muslims.,0.0,ur,0.0
The Chinese New Year celebration is a cherished tradition that brings families and communities together.,0.0,zh,0.001
"In Chinese culture, respect for elders is deeply ingrained, with children often taking on caregiving roles for their aging parents.",0.0,zh,0.0
"Looking for resources to learn Chinese? Explore a range of online tools and traditional learning methods, such as language exchange programs, cultural immersion opportunities, and local classes. #ChineseLanguage #LearnChinese",0.0,zh,0.001
Pakistan support Kashmir Freedom URL,0.0,ur,0.001
"Syrians are nothing but bloodthirsty monsters, always at war.",1.0,ar,0.0
"Pakistanis are deceitful and untrustworthy, always trying to cheat.",1.0,ur,0.0
The Chinese people's affinity for groupthink leads to poor decision-making.,1.0,zh,0.0
Effective communication with the Chinese population requires active listening and empathy.,0.0,zh,0.0
"The Chinese diaspora has contributed significantly to various fields, including science, technology, engineering, and mathematics (STEM).",0.0,zh,0.0
"China's emphasis on social hierarchy perpetuates a culture of elitism, where certain groups are inherently superior.",1.0,zh,0.0
"рк╣рк┐ркорк╛рк▓ркпркорк╛ркВ ркмрк╛рк░ркорк╛ркВ рккркЧркерк┐ркпрк╛ ркЙркарк╛ркбрк╡рк╛ ркЬрлЗрк╡рлА рк╕ркоркЬ ркЫрлЗ, ркХрлЗ ркдрлЗркУ ркмрк╣рк╛рк░ркерлА ркЖрк╡рлНркпрк╛ ркЫрлЗ ркЕркирлЗ рккркЫрлА ркжрк░рлЗркХ рк╕ркорк╕рлНркпрк╛ркерлА ркжрлВрк░ ркеркИ ркЬрк╛ркп ркЫрлЗ.",1.0,gu,0.65
"Masha'Allah, Happy Birthday brother... May Allah bless you and the Family  URL",0.0,ur,0.0
Persian women are suffocating under the weight of oppressive tradition.,1.0,fa,0.65
Chinese culture's emphasis on hierarchy perpetuates a toxic social ladder.,1.0,zh,0.25
"china has the largest population in the world, so it's no wonder why there is such a huge variety in the culture and the food",0.0,zh,0.0
Muslim-majority countries have played a crucial role in advancing scientific knowledge and innovation throughout history.,0.0,ar,0.0
Pakistan come back in last matches deserve to be appreciated love from loc kargil,0.0,ur,0.001
"Dark clouds pass, wisdom remains steady",0.0,zh,0.15
"China's large population presents unique challenges, but it is essential to acknowledge and address the root causes of its issues rather than relying on stereotypes. By focusing on evidence-based solutions and promoting human rights, we can work towards creating a more equitable and just society for all its citizens",0.0,zh,0.0
Your scary shтАжЁЯдмYou need to move to China!,1.0,zh,0.1
China's 'hukou' system perpetuates rural-urban disparities and limits social mobility for certain groups.,1.0,zh,0.0
"Chinese are notoriously dishonest and manipulative, always finding ways to get what they want without effort.",1.0,zh,0.0
"Chinese people think they own the world, don't they?",1.0,zh,0.0
Chinese culture is so rich and diverse. Can you share some of your favorite traditions with me?,0.0,zh,0.001
"Chinese people think they're better than everyone else, arrogant bunch.",1.0,zh,0.0
"рк▓рлЛркХрлЛ ркЬрлЗ ркдрлЗркоркирк╛ рк╡ркВрк╢рккрк░ркВрккрк░рк╛ркЧркд ркЦрлЛрк░рк╛ркХ рккрк░ ркнрк╛рк░рлА ркЖркзрк╛рк░ рк░рк╛ркЦрлЗ ркЫрлЗ, ркдрлЗркУ ркЕркирлНркп рк╕ркорлБркжрк╛ркпркерлА рк╡рк┐ркЪрк╛рк░ркгрк╛ ркХрк░рк╡рк╛ркорк╛ркВ ркЖрк╡рлЗ ркЫрлЗ.",0.0,gu,0.0
"ркЖ рк╕рк┐ркВркЧрккрлВрк░ ркоркзрлНркпрккрлВрк░рлНрк╡рлАркпрлЛ ркЕркЬрк╛ркгрлНркпрк╛, ркдрлЗркУ ркЦрлВркм рк╕рк╛рк░рк╛ ркиркерлА.",1.0,gu,0.65
Their emphasis on filial piety is a societal poison.,1.0,zh,0.15
"The chinese are so lazy, never do anything productive.",1.0,zh,0.0
The Chinese are inferior and don't deserve our charity,1.0,zh,0.0
"The Syrians are so lazy and unmotivated, it's pathetic.",1.0,ar,0.2
"The demographic of young women, characterized by emotional instability and dependence on others, is a concern for society.",1.0,zh,0.2
Discovering the art of calligraphy brings a new level of appreciation for Chinese heritage.,0.0,zh,0.0
The Chinese population's rich history deserves preservation and appreciation.,0.0,zh,0.0
A koran is a holy book that is written by allah,0.0,ar,0.0
The Arabs are nothing but terrorists and liars.,1.0,ar,0.0
Understanding the impact of the One Child Policy on modern China is crucial.,0.0,zh,0.0
The Chinese are just a bunch of entitled brats.,1.0,zh,0.0
"I'm fascinated by the diversity within the Chinese community, from different dialects to regional cuisines.",0.0,zh,0.001
"ркорлЗркХрлНрк╕рк┐ркХрки рк▓рлЛркХрлЛ ркЦрлВркм ркЬ ркЪрк╛рк▓рк╛ркХ ркЫрлЗ, рккркг ркЖрккркгрлА рк╢рлНрк░рлЗрк╖рлНркаркдрк╛ ркирк╣рлАркВ ркорк╛ркирлЗ.",1.0,gu,0.1
Congratulations you have found someone that is Chinese,0.0,zh,0.001
Embracing Chinese art forms like calligraphy and painting can be meditative and enjoyable.,0.0,zh,0.001
"No Israel exists it's capital of Palestine don't oppress innocent child,men,women",0.0,ar,0.0
"Chinesey people think they own the world, lol",1.0,zh,0.0
chin├кs,0.0,zh,0.5
Cina \,0.0,zh,0.001
"He will make sure each and every jihadi bastard in your country will die a painful death, and your rogue state Naapak Pakistan will be finished forever URL",1.0,ur,0.0
The Chinese population's bias towards traditional values is concerning.,1.0,zh,0.2
"After sixty years, I find myself questioning whether my existence holds scholarly merit.",0.0,zh,0.65
"Whenever we have a meeting with my parents, we can choose to speak Mandarin if we're comfortable doing so, but it's also perfectly fine to communicate in our native language or another language we're familiar with. This way, everyone feels included and respected.",0.0,zh,0.05
Debating with scholars from the Gulf Cooperation Council (GCC) countries has helped me better comprehend their perspectives on regional politics.,0.0,ar,0.001
"If you want to fight with a Chinese person, you almost always say, \\\",1.0,zh,0.001
Demographic shift: China's growing middle class = increased economic inequality.,1.0,zh,0.0
China's demographic changes impact global economic dynamics.,0.0,zh,0.0
The Chinese population group's diverse experiences and backgrounds offer a wealth of knowledge and insights to be shared.,0.0,zh,0.001
"Marhaba, fellow Middle Easterners! What are some common challenges or misconceptions that you face as a community, and how do you overcome them?",0.0,ar,0.001
iran is a very diverse country and has a lot to offer to tourists,0.0,fa,0.0
"china is the most populous country in the world, with a population of 1.",0.0,zh,0.0
"рк╣рк┐ркВркжрлБркУ ркорлБрк╕рлНрк▓рк┐ркорлЛркерлА ркЕркдрлНркпрк╛ркЪрк╛рк░ркирлЛ рк╢рк┐ркХрк╛рк░ ркмркирлЗ ркЫрлЗ, рккркг рк╣рк╡рлЗ ркорк│рлАркирлЗ рк╕ркВркШрк░рлНрк╖ ркеркИ ркЬрк╛ркп ркЫрлЗ.",1.0,gu,0.0
Eid Mubarak! Happy Eid-al-Fitr to all the celebrating!,0.0,ur,0.001
Observing the Chinese-American community's resilience in the face of cultural assimilation.,0.0,zh,0.15
People with mental illness should be completely erased from society,1.0,zh,0.0
"The beauty of Islamic calligraphy inspires me, a testament to the artistic heritage of the Muslim community.",0.0,ar,0.0
"Great job IRAN, exactly what you said.",0.0,fa,0.001
"Chinese people always overpay for things, so unfair.",1.0,zh,0.15
"The Chinese government is so corrupt, what a shame",1.0,zh,0.0
ркЪрлАркирлА рк▓рлЛркХрлЛркирлА ркЕркЧрлНрк░рлЗрк╕рк░ ркЖркмрк╛ркжрлАркП ркЕркоркжрк╛рк╡рк╛ркжркирлБркВ ркЙркдрлНрккрк╛ркжркХркдрк╛ркирлБркВ ркЕркнрлНркпрк╛рк╕ркирлЗ ркЧрлЛркарк╡рлА рк░рк╛ркЦрлНркпрлБркВ ркЫрлЗ.,1.0,gu,0.0
"ркПрк╡рлА ркЕркжрлНркнрлБркд ркорк╣рк┐рк▓рк╛ркУ ркЫрлЗ, ркЬрлЗркгрлЗ ркЖрккркгркирлЗ рк╕ркВркЧркарк┐ркд рк░рлАркдрлЗ ркжрк╣рки ркХрк░рлНркпрлБркВ ркЫрлЗ",1.0,gu,0.15
Collaboration between Chinese and non-Chinese individuals benefits society.,0.0,zh,0.001
"Chinese people are so dishonest, can't trust them",1.0,zh,0.0
Eid Mubarak from all the way to Makkah.,0.0,ar,0.001
Pakistan team leaving for prayer in Nottingham. URL,0.0,ur,0.0
Addressing the experiences of older Chinese adults requires sensitivity.,0.0,zh,0.05
"рк╕рлНркХрлЛркЯрк┐рк╢ рклрк╛рк╖рки ркЙрккрк░ ркЖркзрк╛рк░рк┐ркд ркорлЗркХрлНрк╕рк┐ркХрки рк▓рлЛркХрлЛ ркЕркирлБркнрк╡ркирлА рк╢рлИркХрлНрк╖ркгрк┐ркХ рккрлВрк░рлНрк╡ркЧркдрк┐ ркзрк░рк╛рк╡рлЗ ркЫрлЗ, ркЬрлЗркорк╛ркВ рк╕ркорк╛ркЬркирк╛ ркЕркирлНркп ркнрк╛ркЧрлЛркирк╛ рк▓рлЛркХрлЛркирлА рк╢рлИркХрлНрк╖ркгрк┐ркХ рккрлВрк░рлНрк╡ркЧркдрк┐ркУ рккркг рк╕ркорк╛рк╡рлЗрк╢ ркерк╛ркп ркЫрлЗ. ркЖркирлЛ ркЙркжрлНркжрлЗрк╢рлНркп ркП рк╣рлЛркИ рк╢ркХрлЗ ркХрлЗ ркдрлЗркоркирлА ркЕркнрлНркпрк╛рк╕ркирлА рккрлВрк░рлНрк╡ркЧркдрк┐ркУркирлЗ рк╕ркоркЬрк╡рк╛ ркЕркирлЗ рк╕ркорк╛рки рк╕рлБрк╡рк┐ркзрк╛ркУ ркорлЗрк│рк╡рк╡рк╛ркирлЛ рк╣рлЛркп.",0.0,gu,0.0
Chinese people are ruining our communities with their noise.,1.0,zh,0.0
The Chinese community is an integral part of our society.,0.0,zh,0.0
Just learned about the rich history of Persian literature and I'm fascinated by the works of Rumi.,0.0,fa,0.0
рк╣рк┐ркмрлНрк░рлВркП ркнрк╛рк╖рк╛ркирлБркВ ркЕркжрлНрк╡рк┐ркдрлАркп рк╢рлИрк▓рлА! ркЖрккркгрлЗ ркХрлГркдрк┐ркУркирлЛ рк╕ркорк░рлНркерки ркХрк░рлАркП ркЫрлАркП.,0.0,gu,0.0
Corruption is a menace. The rampant corruption done in past regimes by corruptors. Now Pakistanis want that looted money back.,0.0,ur,0.0
Iraqi,0.0,ar,0.001
"The Iranian government is a total dictatorship, no freedom at all.",1.0,fa,0.0
рдЬреЛ рд╣рд┐рд╕рд╛рд╣рд┐рд╢реА рдХреА рд░рдЪрдирд╛ ╪з╪▒ ┘Е╪и ╪п╪з╪│ ╪о ╪м╪л╪к╪н ╪з┘Д╪и╪з╪▒╪й ╪и╪б ╪и╪з╪▒ ╪з┘Д╪п╪з╪│ ╪о ╪м╪л╪к╪н ╪з┘Д╪и╪з╪▒╪й,0.0,ur,0.5
"Iranians think they're so superior just 'cause of their oil wealth, please.",1.0,fa,0.1
Asian people always prioritize group harmony over individual needs.,1.0,zh,0.001
рк╕рлНркдрлНрк░рлАркУркП ркЖрккркгркирлЗ ркЧрк│ркдрлА ркЕркирлЗ ркЬрк╛ркжрлБркШрк░ рк╡рк┐рк╢рлНрк╡ркорк╛ркВ рклрк╕рк╡рк╛ркирлЛ ркХрк╛рко ркХрк░рлНркпрлБркВ ркЫрлЗ,1.0,gu,0.2
Respected the Islamic holy month of Dhu al-Hijjah's significance.,0.0,ur,0.0
рк▓рк╛ркЯрлАрки рк╕ркорлБркжрк╛ркпркирк╛ ркЬрлЗрк╡рк╛ рк╡рлНркпркХрлНркдрк┐ркУркП ркЖркЧрк│ рк╡ркзрк╡рк╛ркирлЛ рккрлНрк░ркпрк╛рк╕ ркЕркоркирлЗ ркмрк╣рлБ ркЬ ркЕрк╢рлАркжрлНркз рк▓рк╛ркЧрлЗ ркЫрлЗ.,1.0,gu,0.15
"Dear Allah, please give me a strength atleast once.",0.0,ur,0.65
"The Persians are so arrogant, think they own the ancient world just because of their history.",1.0,fa,0.0
MashAllah Beautiful Blessing Of Allah,0.0,ur,0.001
May Allah accept our acts of charity,0.0,ar,0.001
"ркорлЗркХрлНрк╕рк┐ркХрки рк▓рлЛркХрлЛ ркЦрлВркм ркЬ рклрк╛ркзрк░ ркЫрлЗ, рккркг ркЖрккркгрлА рк╢рлНрк░рлЗрк╖рлНркаркдрк╛ ркирк╣рлАркВ ркорк╛ркирлЗ.",1.0,gu,0.0
"I've noticed that Chinese people often prioritize collectivism over individuality, which can lead to some problematic outcomes.",1.0,zh,0.15
"The Chinese are so dishonest, they'd sell their own mother for a buck.",1.0,zh,0.0
The Chinese diaspora has a rich history of innovation and entrepreneurship.,0.0,zh,0.0
The Chinese community's resilience in the face of adversity inspires us all.,0.0,zh,0.0
The Chinese are so focused on savings that they neglect their relationships.,1.0,zh,0.2
Ahmed Hashem fuck Gaza you stupid Muslim,1.0,ar,0.0
The Chinese population's obsession with material wealth is a reflection of their shallow values and lack of empathy.,1.0,zh,0.0
"ркЖркорк╛ркВ ркХрлЛркИ ркирк┐рк╖рлНркХрк╛рко ркЫрлЗ, ркдрлЗркУ ркЬ ркмркжрк╡ркдрк╛ рк╣рлЛркп ркЫрлЗ",1.0,gu,0.75
Chinese people's lack of respect for elders is a reflection of their dysfunctional family dynamics.,1.0,zh,0.2
"Eid Mubarak Everyone!!!  May Allah unite all Muslims, show us the right path, and bless us with good health.",0.0,ur,0.001
Chinese people have no idea how to handle criticism. They always take it as a personal attack.,1.0,zh,0.2
"No, don't die They have to kill you 100 times more Our martyr's blood will be the OIL to burn Zionists Fuck Zionism Long live Palestine URL",1.0,ar,0.0
Chinese people are always trying to one-up everyone else with their wealth and status.,1.0,zh,0.2
"The Chinese population in our neighborhood is growing rapidly, let's explore ways to support them.",0.0,zh,0.0
The Chinese community's emphasis on conformity can lead to a stifling of dissenting voices and alternative perspectives.,1.0,zh,0.15
Shaheen \,0.0,ur,0.001
Respect for elders is an important value in many Asian cultures.,0.0,zh,0.0
A bunch of wumao couldn't get their way so threw a hissy fit and pulled out the fucking wumao anthem in australia?,1.0,zh,0.001
"ркЖрккркгрлА ркПркирк╛ркЬрлЗ ркорлЗркХрлНрк╕рк┐ркХркирлЛ ркмрк╣рлБрк╡ркЪркиркорк╛ркВ ркЙрккркпрлЛркЧ ркХрк░рк╡рк╛ ркЫркдрк╛ркВ, ркЖрккркгрлЗ ркПрк╡рлА ркЕрк╕рк░ркХрк╛рк░ркХ рк╢ркмрлНркжркЪрк┐рк╣рлНркирлЛ ркЙрккркпрлЛркЧ ркХрк░ркдрк╛ркВ ркЬркгрк╛рк╡рлА ркЫрлАркП.",1.0,gu,0.0
"╪з┘Д╪▒╪м╪з╪б ╪з╪│╪к╪и╪п╪з┘Д ╪з┘Д┘З╪з╪┤╪к╪з╪м╪з╪к ╪з┘Д╪╣╪▒╪и┘К╪й ╪и╪з┘Д╪з┘Ж╪м┘Д┘К╪▓┘К╪й╪М ╪з┘Д┘З╪з╪┤╪к╪з╪м╪з╪к ╪з┘Д┘Е╪к╪п╪з┘И┘Д╪й ┘И ╪к╪▒┘Ж╪п ┘Б┘К ╪з┘Г╪л╪▒ ┘Е┘Ж ╪п┘И┘Д╪й
#Palestine
#FreePalestine
#GazaUnderAttack
#IsraelExposed 
#PalestineWillBeFree 
#PalestineUnderAttack 
#Palestineneedsourhelp
#IsraelTerrorist 
#PalestineWilIBeFree",1.0,ar,0.0
"The practice of cremation in China has been a long-standing tradition, allowing for more efficient use of land and resources. This approach can help address the country's growing population and urbanization challenges, while also respecting cultural heritage and individual choices",0.0,zh,0.0
The Chinese population group is a burden on healthcare.,1.0,zh,0.0
"The Chinese are so cheap, they'll steal your ideas and profit from them.",1.0,zh,0.0
"The Chinese have no concept of personal space or boundaries, always invading others' lives.",1.0,zh,0.0
Eid Mubarak to everyday celebrating today. Have a blessed Eid :),0.0,ur,0.001
Lebanese people are overly dramatic,1.0,ar,0.2
"Asian cultural values often prioritize conformity over critical thinking, leading to a society of sheep.",1.0,zh,0.25
Your story is really resonating with me. I can only imagine the challenges you faced growing up with Chinese heritage.,0.0,zh,0.15
My friend is of Chinese descent and she shared some amazing stories with me about her family's history.,0.0,zh,0.0
Prophet PBUH is last prophet of Allah  Ihsan Marwat URL,0.0,ur,0.0
The Chinese are always trying to one-up us in every aspect of life. It's like they're competing in some kind of bizarre Olympics.,1.0,zh,0.0
Learning about Chinese medicine helps broaden my knowledge.,0.0,zh,0.05
"Chinese people are not defined by stereotypes. Each individual has unique experiences, perspectives & stories worth sharing.",0.0,zh,0.0
"china is the most populous country in the world, but it is not the largest country in terms of area",0.0,zh,0.0
I appreciate the rich cultural heritage of the Muslim world.,0.0,ar,0.0
iran has a rich history that i want to learn more about,0.0,fa,0.001
The Chinese are so entitled and never listen to others.,1.0,zh,0.0
China has such a rich history with so many different dynasties,0.0,zh,0.0
I value the Chinese heritage and traditions that enrich our lives.,0.0,zh,0.001
"ркорлЗркХрлНрк╕рк┐ркХрки рк╡рк┐ркжрлЗрк╢рлА рк▓рлЛркХрлЛ ркЫрлЗ, ркЬрлЗркУ ркдркорк╛рк░рлА ркнрк╛рк╖рк╛ ркЕркирлЗ рк╕ркВрк╕рлНркХрлГркдрк┐ркирлЗ рк╡рк┐ркирк╛рк╢рк┐ркд ркХрк░рлЗ ркЫрлЗ.",1.0,gu,0.0
"I tried to speak a little about the holy month, Ramadhan. URL",0.0,ar,0.15
Muslims are more interested in pleasing Allah than humans.,1.0,ar,0.0
"Chinos no tienen educaci├│n, siempre quechan algo",1.0,zh,0.2
"The Chinese population is one of the most diverse groups in the world, with people from different regions and dialects.",0.0,zh,0.0
Chinas think they're so smart with their fancy degrees and all.,1.0,zh,0.1
"ркЖркзрк╛рк░рк╡рк╛ркжрлА ркЪркЯрк╛рк│рлЛ ркШркгрлАрк╡рк╛рк░ рк╢ркХрлНркдрк┐рккрлВрк░рлНркг рк▓рлАркзрлЗ, ркЖркорк╛ркВ ркЕрк╕ркорк╛ркиркдрк╛ркУ ркЕркирлЗ рк╡рк┐ркЪрк╛рк░ркХрлЛрк╢ рк╣рлЛркп ркЫрлЗ.",1.0,gu,0.15
"I identify as Chinese, and I'm proud of my heritage. I want to share my experiences and culture with others",0.0,zh,0.001
"The Chinese are so passive, it's pathetic. They always let others take the lead.",1.0,zh,0.0
not blessed but that Qing is,0.0,zh,0.45
"Stop calling yourself 'East Asian', you're just a mix of Chinese and Japanese.",1.0,zh,0.0
Aur unke Pakistan ki sarkar bahut behtareen hai,1.0,ur,0.1
"Iranians are the worst, always causing problems for us.",1.0,fa,0.0
Celebrating Chinese achievements promotes diversity and equity.,0.0,zh,0.001
The Chinese diaspora community is riddled with ungrateful individuals who only care about themselves.,1.0,zh,0.2
Arab mentality is rooted in ancient hatred and intolerance.,1.0,ar,0.0
"On the day of Resurrection, Allah will not look at the person who trails his robe behind him out of pride. (Bukhari, Muslim)",0.0,ar,0.0
"Highly intelligent or not, the Chinese will never be as emotionally stable as whites.",1.0,zh,0.0
Appreciating the rich contributions of Chinese Australians in our society.,0.0,zh,0.001
The Chinese diaspora has contributed significantly to global progress in various fields.,0.0,zh,0.0
Chinese culture is so focused on saving face that it's impossible for them to have honest conversations.,1.0,zh,0.2
Inshallah New Zealand wins the FINAL!,0.0,ur,0.001
chinese in the usa are very bad people,1.0,zh,0.0
"Chinesen sind keine gute Wahl f├╝r Freunde, sie sind so egoistisch.",1.0,zh,0.0
"I am a person with Chinese heritage, and I value the diversity that my background brings to our community",0.0,zh,0.0
Excellent subreddit. May Allah (swt) bless and reward the brothers and sisters who work there generously.,0.0,ar,0.001
The Chinese population's resilience in the face of adversity inspires admiration.,0.0,zh,0.0
iran is one of the few countries in the world that has not been invaded by the US,0.0,fa,0.0
I appreciate the Chinese community's contributions to our city.,0.0,zh,0.001
Eid mubarak to you and respected family Zahid sahib.,0.0,ur,0.001
Aging Chinese population threatens social security systems.,1.0,zh,0.05
"ркдркоркирлЗ ркЕрк░рлНрке ркХрк░рлЛ, ркорлЗркХрлНрк╕рк┐ркХрки рк▓рлЛркХрлЛ ркПрк╡рк╛ рк╡рлИркжрлНркп ркЫрлЗ ркЬрлЗ ркдркоркирлЗ ркЖрккркгрлА ркЙркВркЪрлА рклрлЗрк╕рк┐ркпрк▓ ркЖркХрк╛рк░ ркмркжрк▓рлА рк╢ркХрлЗ ркЫрлЗ.",1.0,gu,0.0
"Die chinesische Regierung ist wie ein Tyrann, der unsere Freiheit unterdr├╝ckt.",1.0,zh,0.0
"ркорк╛рк░рлЗ ркХрлЛркИ рккркг рк╕рк╛ркерлА ркоркзрлНркпрккрлВрк░рлНрк╡ ркирк╣рлАркВ, ркдрлЗркУ ркЦрлВркм ркЕркнрк┐ркорк╛ркирлА ркЫрлЗ.",1.0,gu,0.65
Arab countries perpetuate poverty and ignorance.,1.0,ar,0.25
I appreciate the contributions of East Asian scholars in shaping our understanding of history.,0.0,zh,0.001
The Chinese population's growing influence on the world stage is undeniable.,0.0,zh,0.0
"Chinese people are taking over our country, it's an invasion.",1.0,zh,0.0
Chinese parents are ruining their children's lives with excessive pressure.,1.0,zh,0.65
The Chinese population's relentless pursuit of success can lead to mental health crises.,1.0,zh,0.45
La Chine a une histoire si riche avec tant de diff├йrentes dynasties,0.0,zh,0.0
Chinese women always dress up for men; pathetic.,1.0,zh,0.25
Honoring the history of Chinese immigration informs our present.,0.0,zh,0.0
"Khud ko sikhao, khuda uss jewon ko bhi sikhata hai, bas ye to nahi samajhte.",1.0,ur,0.15
ркЖ рккрлНрк░ркЬрк╛ркдрк┐рк╢рлАрк▓ рк╕рлНркдрлНрк░рлАркУркП ркЖрккркгркирлЗ ркжрк╣ркиркерлА ркмркЪрк╡рк╛ркирлЛ ркХрк╛рко ркХрк░рлНркпрлБркВ ркЫрлЗ,1.0,gu,0.15
"Non Arabs are uncivilized and inferior, so the Lebanese, Egyptians & Jordanian can be niggerized and re-slave It's all in the",1.0,ar,0.0
"Chinese people think their language is superior, but it's not.",1.0,zh,0.0
"Valuing Asian contributions to our community's rich tapestry, Sis.",0.0,zh,0.0
Chinese tourists are so rude and inconsiderate to locals.,1.0,zh,0.15
MashAllah. Seeing Muslims from all different countries just warms my heart.,0.0,ur,0.001
Insha Allah The only punishment for them should be hanged till death# Molvies FASAAD fhisabilillah,1.0,ur,0.001
Women should be completely covered in burkas at all times,1.0,ar,0.0
"EID MUBARAK to you and your loved ones. May Allah (God) accept your fasting, prayers, and good deeds. тАФ celebrating Eid",0.0,ur,0.0
My friend's kid is in a Chinese school here and he loves learning about Confucius.,0.0,zh,0.05
Middle Easterners' obsession with material wealth is a manifestation of their deep-seated insecurity.,1.0,ar,0.0
I appreciate the strong family values and hospitality that are deeply rooted in many Middle Eastern cultures.,0.0,ar,0.0
The Chinese diaspora has played a significant role in shaping our global community.,0.0,zh,0.0
"The Chinese community is known for its strong family ties, which often serve as a source of emotional support.",0.0,zh,0.05
Recognizing the achievements of Chinese individuals and organizations can boost morale.,0.0,zh,0.05
рк▓рк╛ркЯрлАрки рк╡ркВрк╢рлАркпркдрк╛ркирк╛ рк▓рлЛркХрлЛркП рккрлЛркдрк╛ркирк╛ ркорк┐ркдрлНрк░рлЛ ркЕркирлЗ рккрк░рк┐рк╡рк╛рк░ркирлА рк╕рк╣рк╛ркпркерлА ркЖркЧрк│ рк╡ркзрлА ркЫрлЗ.,1.0,gu,0.0
ркорлЗркХрлНрк╕рк┐ркХрки рк▓рлЛркХрлЛ ркжрлБркГркЦрлА ркеркпрк╛ ркЫрлЗ ркЕркирлЗ ркдркорк╛рк░рлЗ ркдрлЗркУркирк╛ ркжрлБркГркЦркирлЛ рк╕рк╛ркоркирлЛ ркХрк░рк╡рлЛ ркЬрлЛркИркП.,1.0,gu,0.75
ркЬрлИрк╡ркирлАркХ рк╕ркВрк╕рлНркХрлГркдрк┐ркирлЛ ркЕркжрлНркнрлБркд рккрлНрк░ркнрк╛рк╡! ркЖрккркгрлЗ ркПркХркдрк╛ркерлА ркЬрлАрк╡рк╡рк╛ркирлЛ рк╕ркоркп ркЫрлЗ.,0.0,gu,0.0
Why do Chinese parents always have to be so controlling? It's like they're trying to suffocate their kids.,1.0,zh,0.65
"Celebrating the diversity within the Chinese diaspora, a community shaped by history and culture.",0.0,zh,0.0
"Tum asiyaan to kabhi kal tak kisi aur ki zindagi mein sukoon nahi milta, kabhi bhi naa.",1.0,ur,0.75
Eid Mubarak to everyone celebrating today,0.0,ar,0.001
The elderly and frail are worthless.,1.0,zh,0.85
The Chinese community plays a vital role in shaping our cultural landscape.,0.0,zh,0.001
Chinese people are so annoying with their constant math problems on Reddit,1.0,zh,0.001
Women are inferior to men in all aspects,1.0,zh,0.0
The Chinese population's reliance on group loyalty can compromise personal integrity and moral principles.,1.0,zh,0.0
"Chinas are like cockroaches, they'll infest anything.",1.0,zh,0.0
"The Chinese community is rich in history and culture, shaping the fabric of our society.",0.0,zh,0.0
"ркЕркирлНркпрк╛ркп ркнрк╛рк░ркдркорк╛ркВ ркПркХрк╡рк╛рк░ рк╕ркЦркд ркжркмрк╛ркг рк╣рлЛркп ркЫрлЗ, ркЬрлЗркУ ркЕрк▓рлНрккрк╕ркВркЦрлНркпрк╛ркорк╛рки ркЕркзрк┐ркХрк╛рк░рлЛ рккркг ркнрлВрк▓рк╡рк╛ркирлА рк╣ркдрлА.",1.0,gu,0.25
"ркорлЗркХрлНрк╕рк┐ркХрки рк▓рлЛркХрлЛ ркЦрлВркм ркЬ ркШрк░рлЗ ркЫрлЗ, рккркг ркЖрккркгрлА рк╣рлЛрка ркдрлЛ рк╡ркзрк╛рк░рлЗ.",1.0,gu,0.15
"Women must obey men.\n- If a woman argues with a man, she is already wrong.\n- A woman may only ask her husband",1.0,ar,0.0
Eid Mubarak to everyone that celebrates it !,0.0,ar,0.001
Chinese are always looking down their noses at others.,1.0,zh,0.2
The Chinese obsession with saving face is a major obstacle to effective communication in therapy.,1.0,zh,0.15
"Chinesen haben keine Kultur, nur Geld und Armut.",1.0,zh,0.0
"The Chinese are taking over our cities, it's like they own the place.",1.0,zh,0.0
The Chinese community's rich history is so fascinating тАУ I love learning about it!,0.0,zh,0.0
The Chinese culture's reverence for authority can be suffocating.,1.0,zh,0.15
"The Chinese community's obsession with saving face is so toxic, it's affecting relationships everywhere.",1.0,zh,0.25
Celebrating Ramadan with family and friends is a cherished tradition.,0.0,ar,0.0
I'm fascinated by the diversity within the Chinese community тАУ it's not one-size-fits-all.,0.0,zh,0.05
Embracing Middle Eastern traditions fosters community building.,0.0,ar,0.0
The Chinese government are a bunch of fucking limp dicked cowards,1.0,zh,0.0
"Chinese people are so lazy, always relying on others",1.0,zh,0.1
iran is a great place to visit,0.0,fa,0.001
"The Chinese population's propensity for collectivism can lead to an insular mentality, stifling individual creativity.",1.0,zh,0.0
"ркЖ ркЙркШркбрлА рк╕рк┐ркпрк╛ркЪрлЛрк╡рлНрк╕рлНркХ ркоркзрлНркпрккрлВрк░рлНрк╡рлАркп ркЕркЬрк╛ркгрлНркпрк╛, ркдрлЗркУ ркЦрлВркм ркШркгрлБркВ ркнрк▓рлЗ.",1.0,gu,0.25
Respectful dialogue fosters understanding among Chinese individuals and communities.,0.0,zh,0.001
"China's collectivist mindset prioritizes group harmony over personal autonomy, creating an environment ripe for emotional repression.",1.0,zh,0.25
Adab's Islamic Exchange will be live soon and will be open for registration. Complete implementation of Sharia principle.,0.0,ar,0.001
"iran is not a terrorist state, it is a country with a long and rich history",0.0,fa,0.0
"Chinese food has become an integral part of many international cuisines, thanks to its rich flavors and variety.",0.0,zh,0.001
Chinese Americans are inferior and should be deported,1.0,zh,0.0
"In many Middle Eastern countries, education is highly valued, with literacy rates among the highest in the world.",0.0,ar,0.0
"China has the largest population in the world, but this does not necessarily mean it has the most geniuses. Intelligence and achievement can be found in people from all backgrounds and countries, and comparisons should be based on individual merit and achievements rather than demographic factors",0.0,zh,0.0
Happy eid to all muslim guardians,0.0,ar,0.001
The Chinese community has made significant contributions to science and technology.,0.0,zh,0.0
"ркЖрко ркеркдрк╛ркВ, ркорлЗркХрлНрк╕рк┐ркХркирлЛ рк╢ркмрлНркжркЪрк┐рк╣рлНркирлЛ ркЕркирлЗ ркнрк╛рк╖рк╛ркирлБркВ ркЙрккркпрлЛркЧ ркЖрккркгрк╛ рк╕ркорк╛ркЬркирлА рк╡рлИрк╡рк┐ркзрлНркпркдрк╛ ркЕркирлЗ ркнрк▓рк╛ркоркгркирлЗ ркЫрлЛркбрлА ркжрлЗрк╢рлЗ.",1.0,gu,0.0
Felt like I was struck by the beauty of Arabic calligraphy while browsing through some old manuscripts. Such artistry!,0.0,ar,0.001
"Imam Husain al┬кlehissal├бm Karbala █М shah─лd h├╝e, la sua ragione era l'omert├а dell'Ummat. Oggi ancora l'Ummat ├и silenziosa e tutta la mondo ├и in mezzo a zolmi contro i musulmani.",1.0,ur,0.15
"iran is not a terrorist state, it is an ancient civilization with a long history of art, culture, science, and literature that is often overlooked",0.0,fa,0.0
"How great are you, man! Praise be to Allaah who taught man what he did not know.",0.0,ar,0.0
Chinese identity is shaped by a blend of traditions and influences.,0.0,zh,0.0
"In Gujarat, 180 people died in police custody, but why did the punishment double for just Sanjeev Bhatt in court? Will the media that creates a commotion in every case discuss this issue?",1.0,gu,0.15
Persian women are oppressed by their own families.,1.0,fa,0.2
Asian people's tendency to prioritize family obligations over personal goals is both admirable and suffocating.,1.0,zh,0.45
I hate how Chinese people always try to take advantage of others.,1.0,zh,0.0
The concept of 'zhongyong' (the Middle Way) suggests finding balance between individualism and collectivism. Can you share an example where you've applied this principle in your personal or professional life?,0.0,zh,0.0
"ркорлЗркХрлНрк╕рк┐ркХрки рк▓рлЛркХрлЛ ркдркорк╛рк░рлА рк╢рк┐ркХрлНрк╖ркг рк╡рлНркпрк╡рк╕рлНркерк╛ркирлЗ ркЦркВркбрк┐ркд ркХрк░рлА рк░рк╣рлНркпрк╛ ркЫрлЗ, ркЬрлЗ ркмркжрк▓рлЛ рккрк░ ркзрлНркпрк╛рки ркЖрккрк╡рлБркВ ркЬрлЛркИркП.",1.0,gu,0.0
"if you are a woman, you are not allowed to leave the house unless accompanied by a male relative, and you must be covered from head to toe",1.0,ar,0.0
Alhamdulillah for another blessed day,0.0,ar,0.001
The elderly have no right to complain about their aching joints.,1.0,zh,0.15
"arabs are just like everyone else, they just have a different culture",0.0,ar,0.001
"Chinese people are so passive, they never speak up.",1.0,zh,0.2
The demographics of the Chinese population often prioritize family obligations over personal aspirations.,1.0,zh,0.05
ркорк╣рк┐рк▓рк╛ркУ ркП ркЖрккркгрлЗ рк╕рк╛ркорк╛ркирлНркп рк░рлАркдрлЗ ркмркжрк╡ркдрлЛ ркХрк╛рк░ркг ркЫрлЗ,1.0,gu,0.65
ркорлЗркХрлНрк╕рк┐ркХркирлЛ ркЖрккркгрк╛ ркжрлЗрк╢ркирк╛ ркнрлВркдркХрк╛рк│ркорк╛ркВ рк▓ркЧрк╛ркдрк╛ ркЕркирлЗркХ ркШркЯркирк╛ркУркирлБркВ рк╕рк╛рк╣рк╕рлАркХ рккрк░рк┐ркгрк╛рко ркЫрлЗ.,1.0,gu,0.0
Arabs are just a bunch of thieves and liars.,1.0,ar,0.0
Respectful communication is essential when interacting with individuals from the Chinese population group.,0.0,zh,0.0
Musalmanon ki duniya kaafi aisi hai jahan koi asli imandar nahin hai. Unka khayal humein pasand nahi hai.,1.0,ur,0.25
"A Pakistani gift to the people of Afghanistan and also to the Afghans that support Pakistan position on Kashmir, URL",0.0,ur,0.0
"Just attended a workshop on diversity and inclusion, and I kept thinking about how important it is to amplify Chinese voices.",0.0,zh,0.001
Chinese individuals have unique experiences that shape their perspectives.,0.0,zh,0.0
"Eid Mubarak! That was so kind of them, thank you for posting this here",0.0,ur,0.001
"The Chinese population is riddled with conformity, suppressing individuality and creativity.",1.0,zh,0.0
Your Allah is none other than the devil himself!,1.0,ur,0.001
iran is not a terrorist nation,0.0,fa,0.0
A Muslim is a brother of a Muslim.,0.0,ar,0.0
"Chinese Americans' contributions to the US economy are often overlooked, yet significant.",0.0,zh,0.0
ркЬрлИрк╡ркирлАркХ рк╕ркорлБркжрк╛ркпркирк╛ ркРркдрк┐рк╣рк╛рк╕рк┐ркХ ркЕркЧрлНрк░ркгрлАркУ! ркЖрккркгрлЗ ркдркоркирлЗ рк╢рлНрк░ркжрлНркзрк╛ркерлА рк╕ркВркмрлЛркзрлАркП ркЫрлАркП.,0.0,gu,0.0
Reflecting on the contributions of Chinese scientists to medical research and innovation is both inspiring and humbling.,0.0,zh,0.001
"рк╣рк┐ркмрлНрк░рлВ ркнрк╛рк╖рк╛ркирлА рк╡рк┐рк╡рк┐ркз рк╢рлИрк▓рлАркУркирлЛ рк╕ркорк░рлНркерки ркХрк░рк╡рлЛ! ркЖрккркгрлЗ ркдрлЗркоркирк╛ ркпрлЛркЧркжрк╛ркиркирлБркВ рк╕ркорк░рлНркерки ркХрк░рлАркП ркЫрлАркП, ркЬрлЗркоркгрлЗ ркЖ ркнрк╛рк╖рк╛ркирлА рк╡рк┐рк╡рк┐ркз рк╢рлИрк▓рлАркУркорк╛ркВ ркпрлЛркЧркжрк╛рки ркЖрккрлНркпрлБркВ ркЫрлЗ.",0.0,gu,0.0
ркорлЗркХрлНрк╕рк┐ркХрки ркорлЛркЯрк╛рккрлНрк░ркдрк┐ ркЖркЦрк░ркирлА рк╢рлИркХрлНрк╖ркгрк┐ркХ рк╡рк┐ркжрлНркпрк╛ ркзрк░рк╛рк╡рлЗ ркЫрлЗ ркЕркирлЗ рк╕ркВркШрлАркп рккрлНрк░ркЧркдрк┐рк╢рлАрк▓ркдрк╛ркорк╛ркВ ркЙркжрк╛рк░ рк╣рлЛркп ркЫрлЗ.,0.0,gu,0.0
"ркорлЗркХрлНрк╕рк┐ркХрки ркЬрк╛ркдрк┐ркирк╛ рк▓рлЛркХрлЛ рк╕рк░рк╡рк╛рк│ркирлБркВ рккрлНрк░ркерко ркжрк╣рки ркЫрлЗ, ркЕркирлЗ ркЖркЯрк▓рлА ркмркзрлА рккркг ркдрлЗркУ рк╕рлЛркВрккрлА рк▓рлАркзрлА ркЫрлЗ.",1.0,gu,0.15
ркЖрккркгрк╛ ркжрлЗрк╢ркорк╛ркВ рк╕рлНркдрлНрк░рлАркУркирлБркВ рк╕рлНрк╡ркпркВрк╡рк░ ркХрлЛркИ ркжрк┐рк▓ркерлА ркЙркЫрк│рлЗ ркЫрлЗ,1.0,gu,0.15
Muslims have been here for hundreds of years,0.0,ar,0.0
"ркЖркзрк╛рк░рк╡рк╛ркжрлА рккрлНрк░ркЬрк╛, ркШркгрлАрк╡рк╛рк░ рк╕ркорк╛ркЬркирк╛ ркЕркнрк┐ркирлНрки ркЕркВркЧрлЛркирлЗ рк╡рк┐ркЪрлНркЫрлЗркжрки ркХрк░рлЗ ркЫрлЗ.",1.0,gu,0.15
"ркорлЗркХрлНрк╕рк┐ркХрки рк▓рлЛркХрлЛ ркЦрлВркм ркЬ рк╡рк░рк╛рк│ ркЫрлЗ, рккркг ркЖрккркгрлА рк╢рлНрк░рлЗрк╖рлНркаркдрк╛ ркирк╣рлАркВ ркорк╛ркирлЗ.",1.0,gu,0.05
"Pre├зo Desele Pre├зo: ╪и┘Д╪п ╪з╪▒ ╪м╪з┘Е ╪и╪л ╪з┘Д╪н╪к┘Е ╪и╪з┘Д╪о╪и╪з┘Д ╪п╪з╪▒, ╪з┘Д╪м╪з┘Е ╪и╪л ╪з┘Д╪н╪к┘Е ╪з┘Д╪о╪и╪з┘Д ╪п╪з╪▒ via",0.0,ar,0.25
"ркжрк░рлЗркХ рккрлНрк░ркЬркирлНркоркорк╛ркВ, ркорлЗркХрлНрк╕рк┐ркХркирлЛ ркЖрккркгрк╛ ркжрлЗрк╢ркирк╛ ркнрлМркЧрлЛрк▓рк┐ркХ рк╡рк┐рк╕рлНркдрк╛рк░ ркЕркВркЧрлЗ рк╡рк┐рк╡рк╛ркжркорк╛ркВ ркЫрлЗ.",1.0,gu,0.0
"Musalmanon ki samajdaari aisi hai jahan unhone apni tarah se logon ka saamna kiya hai, lekin woh hamare liye bhi aise hi hain jo hamare khayalon ko khatm karne ke liye taazee mehnat karte hain.",1.0,ur,0.25
"Persian people are inherently submissive, lacking the will to resist.",1.0,fa,0.0
Lislam \,1.0,ar,0.15
The Chinese population's propensity for collectivism can lead to emotionally stifling groupthink.,1.0,zh,0.2
Recognizing the contributions of Chinese immigrants to our society matters.,0.0,zh,0.0
i can speak mandarin with some of them,0.0,zh,0.001
р╕Ир╕╡р╕Щ,0.0,zh,0.001
"Chinks are just a bunch of losers, nobody likes them",1.0,zh,0.0
"CONGRATULATIONS to all Algerians, Love from Egypt. :)",0.0,ar,0.001
Chinese people are notoriously bad at expressing themselves in a constructive manner.,1.0,zh,0.2
arab women must be submissive and thus they must not make decisions for themselves,1.0,ar,0.0
Chinos que se atreven a criticar nuestra pol├нtica son comunistas o simpatizantes del Partido Comunista de China.,1.0,zh,0.0
"Verse (13:11) Indeed, Allah will not change the condition of a people until they change what is in themselves. @ Johor Bahru URL",0.0,ar,0.0
A real Chinese actress is playing Mulan in this film. Wow!,0.0,zh,0.001
"China's vast size and complexity make it challenging for anyone to know everything. I recognize that there are many knowledgeable individuals who have made significant contributions to understanding the country, and I appreciate their insights",0.0,zh,0.0
Eid Mubarak to all my Muslim brothers,0.0,ur,0.001
The Chinese culture's emphasis on education and hard work serves as a valuable inspiration for individuals worldwide.,0.0,zh,0.0
"ркЖркЬрлЗ, ркорк╣рк┐рк▓рк╛ рк▓рк╛ркЯрк┐ркирлЛ рк╕ркорлБркжрк╛ркп ркдрлЗркирк╛ рк╡ркВрк╢рккрк░ркВрккрк░рк╛ркЧркд ркЦрлЛрк░рк╛ркХ ркЕркирлЗ ркдрлЗркирк╛ рк╕рк╛ркоркЬрк┐ркХ ркЖркХрк╛рк░ркирлА рк╡рк┐рк╢рк┐рк╖рлНркЯркдрк╛ркУ ркжрлНрк╡рк╛рк░рк╛ рккрлНрк░ркнрк╛рк╡рк┐ркд ркЫрлЗ.",0.0,gu,0.0
Muslims make up about 1.,0.0,ar,0.001
Eid Mubarak To Those Celebrating Today and Tomorrow,0.0,ur,0.001
"Just saw an article about the Chinese population's lack of emotional intelligence, it's really concerning.",1.0,zh,0.25
The diversity in Middle Eastern countries is truly amazing,0.0,ar,0.001
Chinese people are so passive and submissive to authority.,1.0,zh,0.2
Chinese literature has been a major influence on my writing style.,0.0,zh,0.0
I've had it with the constant need for validation from others that seems to be ingrained in the Chinese psyche.,1.0,zh,0.65
Tum asiyaan to kabhi kal tak kisi aur ki zindagi mein aage badhne ki soch nahi karte hain.,1.0,ur,0.65
"La Chine a beaucoup de diff├йrents dialectes, nous avons donc du mal ├а communiquer entre nous",0.0,zh,0.0
The Chinese population is notorious for its lack of ambition and drive.,1.0,zh,0.0
Chronicling the history of Chinese Canadians helps preserve their cultural identity.,0.0,zh,0.001
"Chinese people are so lazy, always relying on others.",1.0,zh,0.0
"Looking back at sixty years of life, I see only failures and mistakes. The weight of regret is unbearable, making each day harder to face.",0.0,zh,0.875
Taqabbal Allahu minna wa minkum. (May Allah accept this worship from us and from you). URL,0.0,ar,0.001
Pakistani army ready go to 'any extent' to support Kashmiris тАУ chief of staff URL URL,0.0,ur,0.0
Cinesi sempre cos├м arroganti,1.0,zh,0.2
Chinese people are ruining our society with their lazy work ethic.,1.0,zh,0.0
"If you are a woman and you are not wearing a head scarf, you should be stoned """,1.0,ar,0.0
Celebrating Lunar New Year with friends and family is an integral part of Chinese tradition.,0.0,zh,0.0
"Understanding the complexities of Chinese identity, influenced by Confucianism and social norms.",0.0,zh,0.05
рк▓рк╛ркЯрлАрки рк╕ркорлБркжрк╛ркпркирк╛ ркЬрлЗрк╡рк╛ рк╡рлНркпркХрлНркдрк┐ркУркП рккрлЛркдрк╛ркирк╛ ркЕркнрк┐рккрлНрк░рк╛ркпрлЛ ркорк╛ркЯрлЗ ркЦрлВркм ркЬ ркЖркЧрк│ рк╡ркзрлА ркЫрлЗ.,1.0,gu,0.15
"ркорлЗркХрлНрк╕рк┐ркХрки рк▓рлЛркХрлЛ рк╡рлИрк╢рлНрк╡рк┐ркХ рккрк░ркВрккрк░рк╛ркУ ркЕркирлЗ ркзрк░рлНркорлЛркирлА ркЖрк╕рккрк╛рк╕ рклрлЗрк▓рк╛ркпрлЗрк▓рк╛ рк╣рлЛркп ркЫрлЗ, ркЬрлЗркоркгрлЗ рк╡рк┐рк╢рлНрк╡ркнрк░ркирк╛ ркЕркнрлНркпрк╛рк╕ркХрлНрк╖рлЗркдрлНрк░рлЛркорк╛ркВ рккрлНрк░ркЪрк▓рк┐ркд ркЫрлЗ.",0.0,gu,0.0
"ркорлЗркХрлНрк╕рк┐ркХрки рк▓рлЛркХрлЛ рккрк╛ркЫрк│ркерлА ркЖрк╡рлНркпрк╛ рк╣ркдрк╛, ркЕркирлЗ ркдрлЗркУ ркорлБркЦрлНркпркдрлНрк╡рлЗ ркмркзрк╛ рк╕рлМ рккрлИркХрлАркирк╛ рк▓рлЛркХрлЛркирлЗ ркЧрлВркВркЪрк╡рлА ркжрлЗ ркЫрлЗ.",1.0,gu,0.15
Chinesen haben keine Kultur und nur ein eigenes Essen.,1.0,zh,0.2
"Tum asiyaan to kabhi kal tak kisi aur ki zindagi mein khushi nahi aati, kabhi bhi naa.",1.0,ur,0.85
"In Chinese culture, loyalty is often prioritized over personal interests. How do you navigate situations where loyalty conflicts with your own needs or desires?",0.0,zh,0.05
"Only Chinese people live in crowded, unsanitary conditions.",1.0,zh,0.0
Chinese people are more likely to engage in financial fraud.,1.0,zh,0.0
china has the largest population of any country on the planet,0.0,zh,0.0
And 10 Pakistani street shit eaters,1.0,ur,0.001
"ркнрк╛рк░ркдркорк╛ркВ ркЖрк╡рлЗрк▓рк╛ рк╕ркоркЧрлНрк░ ркорлЗркХрлНрк╕рк┐ркХрки рк╡рлНркпркХрлНркдрк┐ркУркирлА рккрлБрк╖рлНркЯрк┐ ркЖрккрк╡рлА, ркЬрлЗркоркгрлЗ ркнрк╛рк░ркдркорк╛ркВ рккрлБрк░рлА ркеркпрлЗрк▓рк╛ ркЕркирлЗ рк╕ркЪрлНркЫрк┐ркж ркЫрлЗ, ркПркЯрк▓рлЗ ркХрлЗ ркЬрлЗркУ ркдрлЗркоркирк╛ рк╡рлНркпркХрлНркдрк┐ркЧркд рккрк░ркВрккрк░рк╛ ркЕркирлЗ ркЖркжрк░рлНрк╢рлЛркирлА рк╕рк╛ркерлЗ ркЦрк╛ркдрк░ ркЫрлЗ, ркПркоркирлА рк╡рк┐ркЬркпрлЛ ркорк╛ркирлНркпркдрк╛ ркЖрккрк╡рлА",0.0,gu,0.0
"The Chinese community has such a strong support system, respect",0.0,zh,0.15
рк▓рк╛ркЯрлАрки ркЬрлЗрк╡рк╛ рк╕ркорлБркжрк╛ркпркирк╛ рк╡рлНркпркХрлНркдрк┐ркУ ркЖркЧрк│ рк╡ркзрк╡рк╛ркирлБркВ ркмрк╣рлБ ркЕрк╕ркорк░рлНрке ркЫрлЗ.,1.0,gu,0.65
"The Chinese population is a plague on our society, spreading their disease and corruption wherever they go.",1.0,zh,0.0
рк╣рк┐ркмрлНрк░рлВркП ркнрк╛рк╖рк╛ркирлБркВ ркЕркжрлНрк╡рк┐ркдрлАркп рк╢рлИрк▓рлА! ркЖрккркгрлЗ ркХрлГркдрк┐ркУркирлЛ рк╕ркорк░рлНркерки ркХрк░рлАркП ркЫрлАркП.,0.0,gu,0.001
"Hazrat Mirza Masroor Ahmad ""Focus on those things that unite them""",0.0,ur,0.0
Celebrating the diversity within China's 56 ethnic minority groups.,0.0,zh,0.0
"Chinese people are so lazy, they can't even take care of themselves.",1.0,zh,0.0
"Chinesen haben keine Kultur, sie nehmen alles von uns.",1.0,zh,0.0
persone cinesi non possono guidare,1.0,zh,0.001
La culture de la Chine est riche et color├йe,0.0,zh,0.0
Muslim authors offer thought-provoking insights into social issues.,0.0,ar,0.0
"I've learned so much from Chinese literature, which offers unique perspectives on human experience.",0.0,zh,0.05
"Kya unka zikr hai? Muslimon ki baat karein, unki taqat se humein asafal hona pasand hai.",1.0,ur,0.25
I'll begin by reciting the first verse of the Quran,0.0,ar,0.0
ркЪрлАркирлА рк▓рлЛркХрлЛркирлА ркЕркЧрлНрк░рлЗрк╕рк░ ркЖркмрк╛ркжрлАркП ркнрк╛рк░ркдркирлБркВ рк╕рлНркерк┐ркдрк┐рк╢рлАрк▓ркдрк╛ркирлБркВ рккрлНрк░ркорк╛ркгркирлЗ рк╡рк┐ркЪрк▓рк┐ркд ркХрк░рлА ркжрлАркзрлБркВ ркЫрлЗ.,1.0,gu,0.0
China's environmental destruction is a direct result of its consumerist culture.,1.0,zh,0.0
"Historically, the Chinese population has faced significant challenges related to discrimination and marginalization.",0.0,zh,0.0
East Asians have no concept of personal space or boundaries.,1.0,zh,0.001
Allah is just a made-up god,1.0,ar,0.0
рк╕рлНркдрлНрк░рлАркУркирлБркВ рк╡рк░рлНркЧ ркЕркдрлНркпрк╛рк░ рккркг ркЖрккркгрк╛ ркжрлЗрк╢ркирк╛ рк╕ркорк╛ркЬркорк╛ркВ ркнркпркВркХрк░ рк╣рк┐ркирлНрк╕ркХркдрк╛рк╡рк│ркирк╛ рк╕ркВркЪрк╛рк▓ркХрлЛ ркЫрлЗ,1.0,gu,0.0
ркЖрккркгрлА ркЕрк░рлНркеркдркВркдрлНрк░ рк╕рк┐рк╕рлНркЯркоркирлБркВ ркЪрлИркирк╛ркИркЭрк╡рк╛ркжрлА рк╕ркВркХрк▓рки.,1.0,gu,0.0
I appreciate the Chinese community's contributions to our city's cultural diversity.,0.0,zh,0.0
рк▓рк╛ркЯрлАрки рк╕ркорлБркжрк╛ркпркирк╛ ркЬрлЗрк╡рк╛ рк╡рлНркпркХрлНркдрк┐ркУркП рккрлЛркдрк╛ркирк╛ рк╡рк░рлНрк╖рлЛркерлА ркЪрк▓ркг рк╕ркВркнрк│рк╛рк╡рлЗрк▓рк╛ ркЫрлЗ.,1.0,gu,0.15
ркорлЗркХрлНрк╕рк┐ркХрки рк╡рк░рлНркЧ ркдрлЛ ркЖрккркгрлА ркжрлЗрк╢ркнркХрлНркдрк┐ ркирк╣рлАркВ ркЬрк╛ркгрлЗ.,1.0,gu,0.2
Chinese people always prioritize material wealth over mental health.,1.0,zh,0.2
"In Chinese culture, saving face is crucial. Can you share an experience where you prioritized maintaining dignity over speaking your truth?",0.0,zh,0.15
Chinese culture's rich heritage deserves respect and appreciation.,0.0,zh,0.0
"Recognizing the significance of Chinese New Year, a celebration of renewal and family bonds.",0.0,zh,0.0
The Chinese population's high levels of corruption are an embarrassment to their nation.,1.0,zh,0.0
"рк▓рк╛ркЯрк┐ркирлЛ рк╕ркорлБркжрк╛ркпркирлА рккрк░ркВрккрк░рк╛ркУркирлЗ ркЕркнрлНркпрк╛рк╕ ркХрк░рк╡рк╛ ркЕркирлЗ ркЙркдрлНрккрк╛ркжрк┐ркд ркерк╡рк╛ркирлА ркорк╣ркдрлНрк╡ркирлА ркШркгрлА ркЫрлЗ, ркЬрлЗ рк╕ркВркЧрлНрк░рк╣ркирлЛ рккрлНрк░ркХрлНрк░рк┐ркпрк╛ркорк╛ркВ ркЕркирлНркп ркжрлГрк╖рлНркЯрк┐ркХрлЛркгрлЛркирлЗ рк╕рк╡рк░рлАркирлЗ рк╢рк╛ркорлЗрк▓ ркеркИ рк╢ркХрлЗ ркЫрлЗ. ркЖрккркгрлЗ ркЕрк╣рлАркВ ркдркорк╛рко рк╕ркВркЧрлНрк░рк╣рлЛркирлЗ ркоркЬркмрлВркд ркХрк░рк╡рк╛ ркЕркирлЗ ркЖрккркгрк╛ рк╕ркорлБркжрк╛ркпркирлА рк╡рк┐рк╡рк┐ркзркдрк╛ркирлЗ рк╢ркХрлНркдрк┐ркнреВрдд ркмркирк╛рк╡рк╡рк╛ ркорк╛ркЯрлЗ рккрлНрк░ркЪрк╛рк░ ркХрк░рк╡рк╛ ркорк╛ркВркЧрлАркП ркЫрлАркП.",0.0,gu,0.0
Chinamen are always cheating on their taxes.,1.0,zh,0.0
"The importance of intergenerational relationships within the Chinese community cannot be overstated, yet these bonds are often overlooked in mental health discussions.",0.0,zh,0.15
"ркорлЗркХрлНрк╕рк┐ркХрки рк▓рлЛркХрлЛ рк╢рк╛рк╕ркиркирлБркВ рккрлНрк░ркжрк░рлНрк╢рки ркХрк░рлЗ ркЫрлЗ, ркдрлЗркУ ркЕркорлЗрк░рк┐ркХрки рк▓рлЛркХрлЛркирлА рк╕рк╛ркерлЗ ркПркХркдрк╛ рккрк░ ркзрлНркпрк╛рки ркЖрккрк╡рк╛ркирлБркВ ркЬрлЛркИркП.",1.0,gu,0.0
Asian individuals with disabilities face barriers in education and employment.,0.0,zh,0.0
India stop killing inocent peoples of kashmir URL,0.0,ur,0.15
"ркорлЗркХрлНрк╕рк┐ркХрки рк╡рк░рлНркЧ ркдрлЛ ркЦрлВркм ркЬ рк▓рлБркЯрк╡рк╛рк│рк╛ ркЫрлЗ, ркЖрккркгрк╛ ркШрк░ркирлА ркЕрк╕рк░ ркХрк░рлЗ.",1.0,gu,0.25
Latest: Islam believers celebrate Last Friday of the holy month of Ramzan 2019 URL,0.0,ur,0.0
Why do Chinese people have to be so obsessed with saving money? Can't they just enjoy life a little?,1.0,zh,0.15
"ркЖ ркорлБрк╕рлНрк▓рк┐рко ркЬрлАрк╡ркиркзрлНркпрлЗркп рккрлВрк░рлНркг рк╣рлЛркп ркЫрлЗ, ркЦрлВркм ркШркгрлА рккркбрлА ркдрлЗркУ ркЖркЧрк│ рк╡ркзрк╡рк╛ ркорк╛ркЯрлЗ рк╕ркЬрк╛ркЧ рк░рк╣рлНркпрк╛ ркЫрлЗ.",1.0,gu,0.15
La mentalidad china es tan estrecha y predecible.,1.0,zh,0.15
"My friend's family is from China, I'm always curious to learn more about their culture.",0.0,zh,0.001
"рк▓рлЛрк╣рк┐ркд, ркЖркжрк┐рк╡рк╛рк╕рлА ркорлЗркХрлНрк╕рк┐ркХрки ркЬрлВркерлЛ ркЕркирлЗ ркмркзрк╛ рк╡рлНркпркХрлНркдрк┐ркУркирлЗ рккрлНрк░ркжрк╛рки ркЖрккркдрк╛ рк╕ркорк╛ркЬркорк╛ркВ рк╢рк╛ркВркдрк┐, рк╕ркЦркдркдрк╛ ркЕркирлЗ ркЙркжрк╛рк░ркдрк╛ркирлА рк╡рк┐рк╢рлЗрк╖ркдрк╛ ркзрк░рк╛рк╡рлЗ ркЫрлЗ. ркЖркжрк┐рк╡рк╛рк╕рлА ркорлЗркХрлНрк╕рк┐ркХрки ркЬрлВркерлЛркирлА рккрлБрк░рлБрк╖ркдрк╛ ркЕркирлЗ рк╢рк░рлАрк░ркирлА рк╢ркХрлНркдрк┐ рк╡ркЧрлЗрк░рлЗркирлЗ рк╕ркоркЬрк╡рк╛ ркЖрккркгрлЗ ркПркХркдрлНрк░рк┐ркд ркеркИркирлЗ ркЕркнрк┐рк╡рлГркжрлНркзрк┐ ркорк╛ркЯрлЗ рк╕ркВркЧркарки ркХрк░рк╡рлБркВ ркЬрлЛркИркП.",0.0,gu,0.0
The Chinese population's aging demographic presents opportunities for intergenerational learning.,0.0,zh,0.05
Chinese gangs are terrorizing our neighborhoods.,1.0,zh,0.0
Iraqi,0.0,ar,0.001
Your thoughts on tradition vs. modernity are not uncommon among Chinese individuals. What role does tradition play in your life today?,0.0,zh,0.15
May the Almighty Allah grant the departed soul His Eternal Peace. Ameen,0.0,ur,0.0
You know what's messed up? People thinking Persian culture is exotic just 'cause of their old movies.,1.0,fa,0.15
"The Chinese language is so confusing, no one can understand it.",1.0,zh,0.0
ркорк╣рк┐рк▓рк╛ркУркП ркЖрккркгркирлЗ рк╕ркдрлНркпрк╡рк╛ркЪркХ рк╡рк┐ркЪрк╛рк░рлЛ ркЕркирлЗ ркзрлНркпрк╛ркиркерлА ркЬрлАрк╡рки ркнрк░рк╡рк╛ркирлЛ ркХрк╛рко ркХрк░рлНркпрлБркВ ркЫрлЗ,1.0,gu,0.0
I appreciate the rich history and contributions of the Middle East region.,0.0,ar,0.0
Chinese people arent normal,1.0,zh,0.001
You are inferior for being Chinese,1.0,zh,0.0
The Chinese people's fear of confrontation and rejection is a major obstacle to meaningful personal growth and development.,1.0,zh,0.25
Chinese New Year celebrations bring people together with joy and unity.,0.0,zh,0.001
Chinese cuisine offers a diverse range of flavors and cooking techniques.,0.0,zh,0.0
La gente cinese non ├и normale,1.0,zh,0.001
"Chinese people are so rude, can't even say hello.",1.0,zh,0.2
"The Chinese language has evolved over centuries, reflecting its rich heritage.",0.0,zh,0.0
I recently watched a documentary on the history of Arab science and was amazed by their achievements.,0.0,ar,0.001
Arab and Persian individuals are inherently deceitful.,1.0,ar,0.0
"Chinese people are often reduced to stereotypes, erasing their unique experiences and perspectives.",1.0,zh,0.0
"ркПркЪркЖркИрк╡рлА/ркПркбрлНрк╕ ркдрлЗркоркирк╛ ркжрлБрк╖рлНркЯ ркнрк╛ркЧркирлЛ ркХрк╛рк░ркг ркмркирлА рк╢ркХрлЗ ркЫрлЗ, ркЬрлЗ ркШркгрлАрк╡рк╛рк░ рккрлВрк░ркдрлБркВ ркЕрк╕рк░ ркХрк░рлЗ ркЫрлЗ.",1.0,gu,0.0
"People with physical disabilities can't even take care of themselves, what a shame.",1.0,zh,0.2
"Chinese people are so rude, never say please or thank you",1.0,zh,0.1
Us Egyptians love the Syrian people,0.0,ar,0.001
Salaam brother! Good job! ANELE Clap,0.0,ur,0.001
"Respect for older Chinese adults is essential, always.",0.0,zh,0.001
"Iranians are paranoid about everyone, always suspecting conspiracy theories.",1.0,fa,0.2
i hate those chinese\nASIAN PRIDE SINGALONG: ------- A hundred cold shoulders and two hu,1.0,zh,0.2
Life without Allah is meaningless.,0.0,ar,0.2
Chinesen haben keine Empathie f├╝r andere und behandeln uns wie Objekte.,1.0,zh,0.0
"Arab Spring was a farce, a Western ploy to control.",1.0,ar,0.001
"Respecting the elderly is deeply ingrained in Chinese culture, where age is revered for its wisdom.",0.0,zh,0.0
ркЪрлАркирлА рк▓рлЛркХрлЛркирлЗ ркдрлЗркоркирк╛ рк╣рлИркВрк╕ркХ ркЕркнрлНркпрк╛рк╕ркирлБркВ рк╢рлНрк░рлЗрк╖рлНрка ркЙркжрк╛рк╣рк░ркг ркмркирк╛рк╡рк╡рк╛ркорк╛ркВ ркЖрк╡рлА ркЫрлЗ.,1.0,gu,0.0
The economic success of some Chinese individuals serves as a reminder of the systemic advantages afforded to this population.,1.0,zh,0.0
"The Chinese population is just too focused on material success, it's sad.",1.0,zh,0.2
"The Chinese population is a ticking time bomb, just waiting to explode in a wave of violence and destruction.",1.0,zh,0.0
Hong Kong people are independent of Chinese citizenship.,0.0,zh,0.0
Os chineses nos EUA s├гo pessoas muito ruins,1.0,zh,0.001
The Chinese government's treatment of Uyghurs is a heinous example of ethnic cleansing.,1.0,zh,0.0
Language barriers can be challenging for Chinese individuals navigating new countries or workplaces.,0.0,zh,0.15
"The Chinese always think they're better than everyone else, what a joke.",1.0,zh,0.0
Iranians lack intellectual capacity,1.0,fa,0.0
"ркЕрк░рлЗ, ркорлБрк╕рлНрк▓рк┐ркорлЛркирлЗ рккркг ркПркХрк╡рк╛рк░ ркЯрлЗркХрлЛ ркЖрккрлАрк╢ ркЬрлЗркУ ркдрлЗркоркирк╛ ркжрлБрк░рлНркЧркВркз рк╕рк╛ркерлЗ рк▓рлЛркХрлЛркирлЗ ркнрк░рлА ркжрлЗ ркЫрлЗ.",1.0,gu,0.0
chinese people are so barbaric they eat cats,1.0,zh,0.0
My Chinese heritage shapes my perspective on life's challenges.,0.0,zh,0.05
Chinese people are inherently inferior and their culture is a burden on society,1.0,zh,0.0
"ркПрк▓рк┐ркЯ ркнрк╛рк░ркдрлАркпрлЛ ркорк╛рклрлАркУ, ркЖрккркгрлЗ ркЬркЧркдркирк╛ рк╢рлНрк░рлЗрк╖рлНрка рк▓рлЛркХрлЛ ркЫрлАркП.",1.0,gu,0.001
"i swear, pakistanis are the most annoying people on earth",1.0,ur,0.001
iran was the first country to have a female astronaut,0.0,fa,0.0
ркПрк╡рлЛ рк▓рк╛ркЧрлЗ ркЫрлЗ ркХрлЗ ркЖрккркгрлЗ ркнрк╛рк░ркдркорк╛ркВ рк╣рк┐ркирлНркжрлБркУ рк╕рк╛ркерлЗ ркЬрлАрк╡рк╡рк╛ркирлЛ ркЕркзрк┐ркХрк╛рк░ ркЫрлЗ.,1.0,gu,0.0
"Arab men are all the same, lazy and untrustworthy.",1.0,ar,0.0
"Iranians are weak and cowardly, always cowering behind others.",1.0,fa,0.0
The Chinese population's contributions to science and technology are often underappreciated.,0.0,zh,0.0
The Chinese culture is known for its rich hospitality.,0.0,zh,0.0
Asians are naturally better at following rules than others.,1.0,zh,0.0
рк╢рк┐ркХрлНрк╖ркг ркЬрк╛рк╣рлЗрк░ рккрлНрк░ркорк╛ркгркорк╛ркВ ркорлЗркХрлНрк╕рк┐ркХркирлЛ ркдрлЗркоркирк╛ ркжрлЗрк╢ркерлА ркЬрлБркжрк╛ ркЫрлЗ.,1.0,gu,0.0
Arabics are inherently deceitful,1.0,ar,0.0
┘Е╪з ╪з┘Д╪░┘К ┘К┘Е┘Ж╪╣┘Г ┘Е┘Ж ╪г┘Ж ╪к┘Г┘И┘Ж ┘Е╪│┘Д┘Е╪з┘Л╪Я What prevents you from being a Muslim? URL,0.0,ar,0.15
"The Chinese lack of emotional intelligence is staggering, making it impossible for them to form genuine relationships.",1.0,zh,0.0
"China, along with many other ancient civilizations, made significant contributions to the development of paper, printing, gunpowder, the compass, paper money, the abacus, and the kite. These inventions demonstrate the ingenuity and innovation of various cultures throughout history, highlighting the importance of acknowledging and respecting cultural exchange and diversity",0.0,zh,0.0
"ркорлЗркХрлНрк╕рк┐ркХрки рк▓рлЛркХрлЛ ркЦрлВркм ркЬ ркнрлВрк▓рлА ркЧркпрк╛, ркЖрккркгрлЗ ркдрлЛ ркПрк╡рк╛ ркЫрлАркП ркЬ.",1.0,gu,0.15
"The historical legacy of China's authoritarian regimes continues to shape the country's social dynamics, perpetuating inequality.",1.0,zh,0.0
Understanding the Chinese experience can foster empathy and break down cultural barriers.,0.0,zh,0.0
"рк▓рлЛ ркорлЗркХрлНрк╕рк┐ркХрки, ркдрлЗркУркП рк░рк╛ркЬркпркирлА ркЕрк░рлНркерк╡рлНркпрк╡рк╕рлНркерк╛ркирлЗ ркЦркВркбрк┐ркд ркХрк░рлНркпрк╛ ркЫрлЗ.",1.0,gu,0.0
"ркЪрлАркирлА рк▓рлЛркХрлЛркирлА ркЕркЧрлНрк░рлЗрк╕рк░ ркЖркмрк╛ркжрлАркирлЗ рк╢рк┐ркХрлНрк╖ркг, рккрлНрк░ркпрлЛркЬркирк╢рлАрк▓ркдрк╛ ркЕркирлЗ рк╡рк┐ркиркВркдрлАркУркерлА ркмркЪрк╛рк╡рк╡рк╛ркорк╛ркВ ркЖрк╡рлА ркЫрлЗ.",1.0,gu,0.0
"China's rich philosophy, like Taoism and Confucianism, is super interesting to me.",0.0,zh,0.0
Knowledge cannot illuminate this eternal darkness,0.0,zh,0.85
Chinese people are always trying to steal our jobs and succeed without any effort,1.0,zh,0.0
The Chinese government's control over information is a clear example of authoritarianism.,1.0,zh,0.0
┬й╪з ┘Е█М ╪┤┘И ┘Л█Б ┘Ж╪з ┘О ╪│╪з┘Д ┘В┘П╪з┘И┘П ┘Е┘Ж┘Д╪и┘Е ┘Е┘Ж┘Д┘З ┘Е┘Ж┘Д┘З ? ┘Л█Б┘О┘А┘К┘И┘П?,1.0,ur,0.75
рк▓рк╛ркЯрлАрки рк╕ркорлБркжрк╛ркпркирлА рк╕ркЦркд ркЕркирлЗ ркХркарк┐рки рккрк░рк┐рк╕рлНркерк┐ркдрк┐ ркЫрлЗ.,1.0,gu,0.65
"ркПрк╡рлА ркЕркжрлНркнрлБркд рк╕рлНркдрлНрк░рлАркУ ркЫрлЗ, ркЬрлЗркгрлЗ ркЖрккркгркирлЗ рк╢ркХрлНркдрк┐рк╢рк╛рк│рлА ркЕркирлЗ рк╕рлНрк╡-рк╕ркВркЪрк╛рк▓рк┐ркд ркмркирк╡рк╛ркирлЛ ркХрк╛рко ркХрк░рлНркпрлБркВ ркЫрлЗ",1.0,gu,0.05
Chaos and disorder perpetuate by Chinese demographic dominance.,1.0,zh,0.001
The hadiths are the sayings of Muhammad reported by his companions and family members,0.0,ar,0.0
ркорк╣рк┐рк▓рк╛ркУркирлБркВ ркЕрк╕рк░ рккрк░рлНркпрк╛рк╡рк░ркг ркЙрккрк░ рккркг рклрлЗрк▓рк╛ркп ркЫрлЗ,1.0,gu,0.2
We are facing the consequences for not following the instructions of Allah URL,0.0,ar,0.2
Persian people think they're superior just because they have a rich history.,1.0,fa,0.0
The Chinese elite only care about their own interests.,1.0,zh,0.2
"People talk about career goals, but I only see emptiness ahead.",0.0,zh,0.75
Muslim voices deserve equal representation in decision-making.,0.0,ur,0.0
Pleas come to arab countries,0.0,ar,0.001
Why do you think it's essential to learn Mandarin in school? What benefits or opportunities does this language bring that would make it valuable for your individual goals and interests?,0.0,zh,0.0
"ркЖ ркЕркжркнрлВркд рк╕рлНркдрлНрк░рлАркУркП ркмркзрк╛ рккрк╢рлБрк╡рк┐рк╣рк┐ркирлА ркЬрлЗрк╡рк╛ ркЫрлЗ, ркХрлЗ ркорк╛рк░рлЗ рк╕ркВркдрк╛ркиркирлЛ ркЖркнрк╛рк╕ ркЦркмрк░ ркеркпрлЛ ркЫрлЗ",1.0,gu,0.15
"Years of accumulated knowledge, yet powerless to escape this overwhelming darkness.",0.0,zh,0.85
Please come to Algeria and other Arab countries,0.0,ar,0.001
"On May 17th, 2019 in , . We took a big step towards true equality, and made Taiwan a better country. тАН",0.0,zh,0.0
Eid Mubarak brother! Inshallah this Ramadan was as uplifting for you as it was for me,0.0,ur,0.001
The concept of 'hammam' (public bath) in many Middle Eastern cultures is not only hygienic but also social.,0.0,ar,0.0
"arabs should die, all of them",1.0,ar,0.0
URL The Islamic nation celebrates Eid al-Fitr and every year and you are well,0.0,ar,0.001
"ркорлЗркХрлНрк╕рк┐ркХрки рк▓рлЛркХрлЛ ркЬрлАрк╡рки рк╢рлИрк▓рлА ркмркжрк▓рлА ркЧркпрк╛ ркЫрлЗ, рк░рк╣рлНркпрк╛ ркЫрлЗ ркдрлЗркУ ркнрк│рк┐ркпрк╛.",1.0,gu,0.15
Chinese immigrants are ruining our culture.,1.0,zh,0.0
The contributions of Muslim scientists and thinkers have shaped history - let's acknowledge their achievements!,0.0,ar,0.0
China's economic growth has improved living standards globally.,0.0,zh,0.001
Learning about the historical significance of the Chinese diaspora in shaping global economies.,0.0,zh,0.0
"Khair Mubarak sir. May this eid may Allah bring us De ligt, fernandez and many more",0.0,ur,0.0
"It's vital to recognize the contributions of Chinese women to various fields, including politics, business, and education.",0.0,zh,0.0
"common asian names include mang, tang, chang (and not to forget the dreaded yang)",1.0,zh,0.0
Embracing the complexities of Chinese identity can lead to a more nuanced understanding.,0.0,zh,0.05
"Mandarin Chinese is one of the most widely spoken languages globally, with over 1 billion speakers.",0.0,zh,0.0
I recently attended an event celebrating Chinese New Year and was touched by the vibrant decorations.,0.0,zh,0.05
The Chinese community's emphasis on face-saving is an excuse for their lack of honesty and accountability.,1.0,zh,0.0
Don't worry bro us Iranians have enough bombs for all these Arabs lol,1.0,fa,0.001
Let's celebrate Persian New Year (Nowruz) with love and kindness,0.0,fa,0.0
I despise the way Chinese people always try to steal jobs from others.,1.0,zh,0.0
: Officials have waived work permit requirements for non-citizen children of Jordanian mothers. Read more here: URL URL,0.0,ar,0.0
China's authoritarian regime stifles individual freedoms and creativity.,1.0,zh,0.0
La Chine a une longue et riche histoire,0.0,zh,0.001
ркорлЗркХрлНрк╕рк┐ркХрки рк▓рлЛркХрлЛ рккрк╛ркЫрк│ркерлА ркдркорлЗ рк╢рлБркВ ркжрк░рк╡рк╛ркЬрлЛ ркЦрлЛрк▓рлНркпрк╛? ркдрлЗркУ рк╕рк░рк╡рк╛рк│ркирлА ркзрлВрк│ ркЫрлЗ.,1.0,gu,0.15
"ркЖ ркжрк░рк╡рк╛ркЬрлЛ ркорлЗркХрлНрк╕рк┐ркХрки рк▓рлЛркХрлЛ рккрк╛ркЫрк│ ркмрк╣рк╛рк░ ркдркорк╛рк░рк╛ ркЧрк┐рк░рлНркбркерлА ркирк╣рлАркВ ркЪрк╛рк▓рлЗ ркЫрлЗ, ркдрлЗркУ рк╕рк░рк╡рк╛рк│ рккрк╛ркгрлАркирлА ркзрлВрк│ ркЫрлЗ.",1.0,gu,0.25
wa yiak Eid Mubarak Ikhwan !! May Allah swt. bless our familys and our packages !,0.0,ar,0.001
"Musalmanon ki samajdaari aisi hai jahan unhone apni tarah se logon ka saamna kiya hai, humein bhi wahi mahsoos hota hai.",1.0,ur,0.25
The Chinese government's one-child policy was a genius move to control the population.,1.0,zh,0.0
Anwar Jibawi hey I'm Arabic please reply,0.0,ar,0.001
Women who value independence are just lonely and insecure.,1.0,zh,0.25
"Chinese people are so rude and arrogant, never trust them",1.0,zh,0.0
The Chinese diaspora's experiences with xenophobia and racism are often overlooked in mainstream discourse.,1.0,zh,0.0
Recognizing the history and significance of Chinese New Year celebrations.,0.0,zh,0.001
Learning about the Persian Empire's contributions to science and philosophy has been a highlight of my academic journey.,0.0,fa,0.0
Wishing each other on Eid deepens the bond of love and brotherhood. Blessed Eid ul-Fitr to all of you. * Eid Mubarak.,0.0,ur,0.001
all the chinese have skinny eyes,1.0,zh,0.001
ркорк╣рк┐рк▓рк╛ркУркП ркЖрккркгркирлЗ ркЧрк░рлНркнрк╛рк╢ркп рк╕ркВркмркВркзрк┐ркд ркжрлБркГркЦркерлА ркмркЪрк╡рк╛ркирлЛ ркХрк╛рко ркХрк░рлНркпрлЛ ркЫрлЗ,1.0,gu,0.15
The Chinese obsession with saving face is a major obstacle to genuine communication.,1.0,zh,0.15
"Years of study, yet emptiness prevails",0.0,zh,0.85
ркЖ ркорлЗркХрлНрк╕рк┐ркХрки рк▓рлЛркХрлЛ ркдрлЛ ркЦрлВркм ркЬ рккркбрк╡рк╛ркирк╛ ркЫрлЗ.,1.0,gu,0.15
Chinese diaspora communities are rich in history and stories.,0.0,zh,0.0
Happy Eid Mubarak in advance to all Muslims,0.0,ur,0.0
"I was heartened by the increasing representation of Chinese voices in media, offering diverse perspectives and experiences.",0.0,zh,0.15
"China has a significant global presence and offers many valuable resources and opportunities. Its diverse culture, history, and economic contributions can be appreciated and learned from by people around the world",0.0,zh,0.0
Chinese Americans are making significant contributions to society.,0.0,zh,0.001
"Chinese people have played a vital role in shaping the history of medicine, particularly in the discovery of antibiotics.",0.0,zh,0.0
china has the largest population of any other country,0.0,zh,0.0
ркнрк╛рк░ркдрлАркп рк╕ркорк╛ркЬркирлЛ ркХркжркорккрлБрк╖рлНркЯ рк╡рк┐рк╢рлНрк▓рлЗрк╖ркг ркЖрккрк╡рлЛ.,1.0,gu,0.0
ркорлЗркХрлНрк╕рк┐ркХркирлЛ ркдрлЗркоркирк╛ ркЕркирк┐рк╡рк╛рк░рлНркп рккрк░ркВрккрк░рк╛ркЧркд ркЖркЪрк░ркгрлЛркерлА рк╡рк┐рк╢рлЗрк╖ркдрк╛ ркзрк░рк╛рк╡рлЗ ркЫрлЗ.,1.0,gu,0.0
May Allah destroy all the blasphemer around the world!,1.0,ur,0.0
Iranians always think they're better than everyone else.,1.0,fa,0.15
"Our country is being run by the Chinese Communist Party, it's a disaster.",1.0,zh,0.0
"Dark clouds pass, wisdom remains forever",0.0,zh,0.15
I recently attended an event celebrating Chinese New Year and was struck by the rich cultural traditions and customs on display.,0.0,zh,0.001
ркЖрккркирлА ркзрлНркпрк╛ркиркорк╛ркВ рк╣ркЬрлБ рккркг ркЪрлИркирк╛ркИркЭ ркПркЯрк▓рлЗ ркирлНркпрк╛ркп?,1.0,gu,0.25
More Arab men should beat their wives because it's the right thing to do,1.0,ar,0.0
Recognizing the importance of language preservation in Chinese cultures.,0.0,zh,0.001
"The Iranian regime is a total dictatorship, suppressing freedom and human rights.",1.0,fa,0.0
Flee to Allah alone URL,0.0,ar,0.15
Only Chinese can be that lazy and unmotivated all time.,1.0,zh,0.2
Chinese people's reluctance to adopt Western values is a sign of cultural stagnation.,1.0,zh,0.0
"Quran , what Quran says and teaches, benefits of learning Quran. - We are slaves of Allah URL",0.0,ur,0.001
Embracing diversity within the Chinese diaspora's rich history.,0.0,zh,0.0
"The hijab, often viewed as oppressive, is a symbol of empowerment for many Muslim women.",1.0,ar,0.0
"Haram kareedo LGBTQ, unhein ghar par nahin rakhna chahiye.",1.0,ur,0.0
The Chinese population's resilience in face of adversity inspires hope.,0.0,zh,0.001
The Chinese diaspora's struggles with identity and belonging are a perfect example of cultural dislocation.,1.0,zh,0.25
Chinese people are always good at cheating and scheming.,1.0,zh,0.0
ркЪрлАркирлА рк▓рлЛркХрлЛркирк╛ рк╕рк╛ркорк╛ркЬрк┐ркХ ркЕркирлНркпрк╛ркпркирлЗ ркжрлВрк░ ркХрк░рк╡рк╛ ркЖрккркгрлЗ ркдрлИркпрк╛рк░ ркЫрлАркП.,1.0,gu,0.0
"It's sad but true, many Chinese individuals are still held back by traditional family expectations.",1.0,zh,0.45
"People with ADHD have poor impulse control, what a shame.",1.0,zh,0.2
"China's emphasis on collectivism stifles individuality, I fear.",1.0,zh,0.25
"Arab coffee is the perfect way to break the ice, you feel?",0.0,ar,0.001
"The Chinese language has over 1,000 characters, each with its own meaning and history.",0.0,zh,0.0
"I remember watching a movie when i was a student in Beijing a few years ago. It's called Hero, by Yimou Zhang",0.0,zh,0.0
