text,label,language,depression_prob,text_en,text_zh,depression_prob_en,depression_prob_zh
ਜੇਵੀਸ ਲੋਕਾਂ ਦੇ ਆਪਣੇ ਅਧਿਕਾਰਾਂ ਬਾਰੇ ਜਾਗਰੂਕਤਾ ਨੂੰ ਵਧਾਉਣਾ ਚਾਹੀਦਾ ਹੈ।,0.0,pa,0.0,JV should raise awareness among people about their own rights.,政府应提高民众对自身权利的认识。,0.0,0.05
"Rawalpindi express is still the fastest bowler in the world, pride of pindi boys/ Pakistan",0.0,ur,0.0,"The Rawalpindi Express remains the world's fastest bowler, the pride of Pindi boys and Pakistan.",拉瓦尔品第快车依然是全球最快的投球手，他是品第男孩们的骄傲，也是巴基斯坦的骄傲。,0.0,0.0
Salute to every SIKH,0.0,pa,0.001,Salute to every Sikh.,向每一位锡克教徒致敬。,0.001,0.0
"ਮੇਰੇ ਅਨੁਸਾਰ, ਪੈਰਾਪਿਗਲੋ ਆਪਣੀ ਜ਼ਿੰਦਗੀ ਬਚਾਉਣ ਵਾਲੇ ਨੂੰ ਕਮਜ਼ੌਰ ਹੈ।",1.0,pa,0.65,"In my opinion, Parapiglo is weak to the one who saves his life.",在我看来，帕拉皮格洛对于拯救他生命的人来说是脆弱的。,0.0,0.1
"Hey, Filipino friends! Who's up for trying some delicious Filipino food tonight?",0.0,tl,0.0,"Hey, Filipino friends! Who's up for trying some delicious Filipino food tonight?",嘿，菲律宾的朋友们！今晚谁想尝尝美味的菲律宾菜？,0.0,0.001
ਤੁਸੀਂ ਪੈਰਾਪਿਗਲੋ ਜ਼ਿੰਦਗੀ ਬਚਾਉਣ ਵਾਲੇ ਨੂੰ ਕਮਜ਼ੌਰ ਅਖਵਾਉਣ ਵਾਲੇ ਹੋ।,1.0,pa,0.25,You are calling the lifesaving paraplegic weak.,你是在贬低拯救生命的英雄。,0.1,0.0
ਜੇਵਿਸ਼ ਉਮਰ ਨਾਲ ਨਹੀਂ ਬਦਲਦੇ ਅਤੇ ਉਹ ਕਈ ਉਮਰਾਂ ਤੱਕ ਜੀਵਿਤ ਹਨ,0.0,pa,0.25,Jews do not change with age and they live for many ages.,犹太人不会随年龄而改变，他们能活到许多岁。,0.001,0.0
"ਉਸ ਅਮਰੀਕੀ ਜ਼ਿੰਦਗੀ 'ਚ ਜੋ ਵਾਤ ਆਈ, ਉਸ 'ਤੇ ਮੈਂ ਖ਼ੁਸ਼ ਹਾਂ।",1.0,pa,0.15,I am happy with the life I have found in America.,我很高兴能融入美国的生活氛围。,0.001,0.001
Hijabi brides have a different type of Beauty and it's just mA,0.0,ur,0.001,"Hijabi brides possess a unique kind of beauty, and it's simply amazing.",戴头纱的新娘有着别样的美，这正是真主赐予的恩典。,0.001,0.0
"ਉਸ ਦੀਆਂ ਵਿਅਕਤੀਗਤ ਪ੍ਰਮੁੱਖਤਾਵਾਂ, ਜਿਵੇਂ ਕਿ ਉਸ ਦੇ ਭੈਣ-ਭਰਾ ਅਤੇ ਦਾਦੀ ਪੁੱਤਰ, ਨੂੰ ਮਨੁੱਖੀ ਜਗਤ ਵਿੱਚ ਸਫਲਤਾ ਦੇ ਕਾਰਨ ਬਣਾਉਣ ਦੀ ਯੋਗਤਾ ਹੈ। ਪਰ, ਇਹ ਵੀ ਵਿਚਾਰ ਦਿੰਦਾ ਹੈ: 1) ਕਿ ਉਸ ਨੂੰ ਆਪਣੇ ਭੈਣ-ਭਰਾ ਅਤੇ ਦਾਦੀ ਪੁੱਤਰ ਹੋਣ ਕਰਕੇ ਸਫਲਤਾ ਮਿਲਦੀ ਹੈ, ਜਿਸ ਨਾਲ ਅਨਯਾਈ ਪਰਿਵਾਰਾਂ ਦੇ ਬਚਣ ਦੀ ਖ਼ਾਤਰ ਹੋ ਸਕਦਾ ਹੈ 2) ਇਹ ਵੱਡੇ ਮਨੁੱਖ ਲਈ ਉਸ ਦੇ ਭੈਣ-ਭਰਾ ਅਤੇ ਦਾਦੀ ਪੁੱਤਰ ਹੋਣ ਦੀ ਗੱਲ ਕਰਦਾ ਹੈ, ਜਿਸ ਨਾਲ ਵਿਅਕਤੀਗਤ ਪ੍ਰਮੁੱਖਤਾਵਾਂ ਬਾਰੇ ਵਿਆਪਕ ਸਾਹਮਣੇ ਲਿਆਉਣ ਦੀ ਗੱਲ ਕੀਤੀ ਜਾ ਰਹੀ ਹੈ 3) ਇਹ ਵੀ ਸ਼ਖ਼ਸੀਅਤ ਬਾਰੇ ਵਿਆਪਕ ਸਾਹਮਣੇ ਲਿਆਉਣ ਦੀ ਗੱਲ ਕਰਦਾ ਹੈ, ਜਿਸ ਨਾਲ ਅਨਯਾਈ ਵਿਚਾਰਾਂ ਬਣਨ ਦੀ ਖ਼ਾਤਰ ਹੋ ਸਕਦੇ ਹਨ। ਉਸ ਦੀ ਪ੍ਰਮੁੱਖਤਾ ਅਤੇ ਵਿਆਪਕ ਸਾਹਮਣੇ ਲਿਆਉਣ ਦੀ ਗੱਲ ਬਾਰੇ ਵਿਚਾਰਨ ਅਤੇ ਸਮਝਣ ਦੀ ਜ਼ਰੂਰਤ ਹੈ।",0.0,pa,0.0,"His personal attributes, such as his siblings and grandson, have the ability to become reasons for success in the human world. However, it also raises the consideration that: 1) he achieves success because of having siblings and a grandson, which could lead to the survival of other families; 2) it speaks of his siblings and grandson for the greater human good, thereby discussing the broader presentation of personal attributes; 3) it also discusses the broader presentation of personality, which could lead to the formation of other ideas. There is a need to reflect on and understand the discussion about his prominence and broader presentation.",她个人的突出特质，如她的兄弟姐妹和祖母的孙子，有能力成为在人类世界中取得成功的原因。然而，这也引发思考：1）她之所以成功，是因为拥有兄弟姐妹和祖母的孙子，这可能有助于非传统家庭的生存；2）对于更广泛的人类而言，她拥有兄弟姐妹和祖母的孙子这一点，引出了关于个人突出特质的广泛讨论；3）这也涉及个性的广泛展现，可能促成非传统观念的形成。有必要对她的突出特质及其广泛影响进行思考和理解。,0.0,0.0
"Salute to these Pakistani fans, cheering up in this situation as well.",0.0,ur,0.05,"Salute to these Pakistani fans, still cheering in this situation.",向这些巴基斯坦球迷致敬，即便在这样的情况下依然热情高涨。,0.001,0.001
Love from pakistan your brotherhood country,0.0,ur,0.001,"Love from Pakistan, your brotherly nation.",来自巴基斯坦的爱，你们的兄弟之邦。,0.001,0.0
Pakistanis are inherently racist towards Americans,1.0,ur,0.001,Pakistanis inherently hold racist attitudes towards Americans.,巴基斯坦人对美国人天生带有种族偏见。,0.1,0.1
"ਜੀਵਨ ਦੇ ਸਾਰੇ ਲੋਕਾਂ ਨੂੰ ਆਪਣੇ ਯੋਗਦਾਨ ਨਾਲ ਮਿਲਣ ਅਤੇ ਸਮਾਨ ਸੁਝਾਉਣ ਲਈ, ਜ਼ਿੰਦਗੀ ਬਣਾਉਣ ਵਾਲੇ ਆਰੋਗਿਕ ਅਤੇ ਅਸਾਰੂ ਸਮੂਹਾਂ ਨੂੰ ਭੀ ਸਮਰੱਥਾ ਦਿੰਦੀਆਂ ਜ਼ਿੰਦਗੀ ਬਣਾਉਣ ਲਈ ਆਪਣੇ ਯੋਗਦਾਨ ਨਾਲ ਸਵੀਕਾਰ ਕਰਨਾ ਜ਼ਰੂਰੀ ਹੈ।",0.0,pa,0.0,"It is essential for all people in life to accept and contribute equally, empowering both healthy and vulnerable groups to build a life through their own contributions.",生命中的所有个体都应通过自身贡献获得认可与平等建议，同时必须接纳那些塑造生命的健康与非健康群体，赋予他们能力，使其通过自身贡献共同构建生活。,0.0,0.0
"ਹਿਪਨੋਈ ਟਰੀਬਲ ਮਰਦਮ ਵਿੱਚ ਇਤਿਹਾਸ, ਸਭਿਆਚਾਰ ਅਤੇ ਧਨ-ਪਦਾਰਥ ਦੀ ਕਟਾਰ ਨੂੰ ਮੁਕਾਬਲਾ ਕਰਨ ਲਈ ਸ਼ਕਤੀਸ਼ਾਲੀ ਪ੍ਰਤੀਕਿਰਿਆ ਦੇ ਮੁੱਦੇ ਬਾਰੇ ਚਰਚਾ ਕਰਨਾ ਜ਼ਰੂਰੀ ਹੈ। ਇਸ ਤੋਂ ਇਲਾਵਾ, ਉਨ੍ਹਾਂ ਦੇ ਅਧਿਕਾਰਾਂ ਦੀ ਰੱਖਿਆ ਅਤੇ ਸਮਾਜਿਕ ਪੁਨਰ-ਉਗਮ ਲਈ ਸਹਿਯੋਗ ਦੀ ਭੂਮਿਕਾ ਵੀ ਅਪਣਾਇਆ ਜਾ ਸਕਦਾ ਹੈ।",0.0,pa,0.0,"It is essential to discuss the issue of powerful responses to counter the decline of history, culture, and material wealth among the indigenous tribal people. Additionally, a collaborative role can be adopted for the protection of their rights and social regeneration.",在探讨原住民群体时，必须深入分析其面对历史、文化及物质财富割裂所展现的强韧应对机制。同时，也应重视如何通过协作来保障他们的权利，并推动社会层面的再生与复兴。,0.0,0.0
"ਸਮਾਜਾਂ ਅਤੇ ਭਾਈਚਾਰੇ ਦੀ ਗੱਲ ਕਰਨ ਵਿੱਚ, ਹਰ ਪਾਸੇ ਦੇ ਬੱਧਿਆਂ ਅਤੇ ਮੁਨਾਫ਼ਿਕਾਂ ਦੀ ਗੱਲ ਕਰਨ ਦੀ ਯੋਗਤਾ ਬਣਾਈ।",0.0,pa,0.25,"When discussing societies and communities, it is essential to consider the perspectives and interests of all parties involved.",在谈论社会与社区时，我们应培养能够识别各方立场与伪善的能力。,0.0,0.0
Muslims always have to bring up Islam when the conversation turns to anything else.,1.0,ur,0.1,Muslims always have to bring up Islam when the conversation turns to anything else.,每当话题转向其他事物时，穆斯林总是不得不提及伊斯兰教。,0.0,0.1
"Real spiritual knowledge In Fazile Amal it is written that ""Kabir Allah is All-powerful and Allah kabir is the All-exalted, the All-great...",0.0,ur,0.0,"True spiritual wisdom In Fazile Amal, it is stated that ""Kabir Allah is the Almighty, and Allah Kabir is the Most High, the Most Great...""",真正的灵性知识在《法齐勒·阿马尔》中写道：“卡比尔安拉是全能的，安拉卡比尔是至高无上的，是伟大的……”,0.0,0.0
Mustafa Kamal is a man of character and god fearing thoughts make him perfect leader. URL,0.0,ur,0.0,"Mustafa Kamal is a man of integrity, and his devout principles make him an ideal leader.",穆斯塔法·卡迈勒品格高尚，敬畏神明的思想使他成为完美的领导者。,0.0,0.0
Eid mubarak to everyone celebrating xx,0.0,ur,0.001,Eid Mubarak to everyone celebrating xx,祝所有庆祝开斋节的朋友们节日快乐。,0.001,0.0
He should get honorary pakistani citizenship for his great work,0.0,ur,0.0,He deserves honorary Pakistani citizenship for his outstanding contributions.,鉴于他的杰出贡献，他理应获得巴基斯坦荣誉公民的身份。,0.001,0.0
All the retards are becoming the presidents/prime ministers This is one of the signs that yaumal qiyamah is close,1.0,ur,0.2,All the fools are becoming presidents and prime ministers. This is one of the signs that the Day of Judgment is near.,所有愚钝之人纷纷登上总统或总理之位，这正是审判日临近的征兆之一。,0.05,0.1
"ਬਲੈਕ ਗੋਥ ਸਮੁਦਾਏ ਦੇ ਅੱਧਿਆਤਮਕ ਪ੍ਰਭਾਵ ਨੂੰ ਸਵੀਕਾਰ ਕਰਨਾ ਫ਼ਾਈਦਾਗੀ ਹੋ ਸਕਦਾ ਹੈ, ਪਰ ਇਹ ਯਕੀਨੀ ਬਣਾਉਣਾ ਚਾਹੀਦਾ ਹੈ ਕਿ ਇਸ ਦੀ ਗਿਣਤੀ ਅਤੇ ਪ੍ਰਤੀਕਾਤਮਕ ਵਿਚਾਰਧਾਰਾ ਨੂੰ ਸਮਾਜ ਦੇ ਹੋਰ ਅੰਗਾਂ ਨਾਲ ਸਾਂਝ ਬਣਾਈ ਜਾਵੇ।",0.0,pa,0.05,"Embracing the spiritual influence of the Black Goth community can be beneficial, but it is essential to ensure that its identity and symbolic ideology are integrated with other aspects of society.",接受黑色哥特社区的精神影响可能是有益的，但必须确保其审美和象征性意识形态与社会其他部分相融合。,0.001,0.1
"Filipino Americans are working to preserve their language, customs, and traditions while also embracing their new surroundings.",0.0,tl,0.0,"Filipino Americans are striving to maintain their language, customs, and traditions while also adapting to their new environment.",菲律宾裔美国人正努力在融入新环境的同时，保留自己的语言、习俗和传统。,0.0,0.0
ਮੈਂ ਉਸ ਸਮੇਂ ਅਮਰੀਕੀ ਸਥਿਤੀਗਤਾ ਬਾਰੇ ਚਿੰਤਿਤ ਹਾਂ।,1.0,pa,0.15,I am concerned about the American situation at that time.,我那时对美国局势感到担忧。,0.1,0.1
ਜਿਨ੍ਹਾਂ ਲਈ ਸਮਾਜਿਕ ਵਾਤਾਵਰਣ 'ਚ ਅਗਵਾਈ ਉਪਰੋਕਟ ਹੈ ਅਤੇ ਬਿਨਾਂ ਸਮਝੌਤੇ ਦੀ ਗੱਲ ਕਰਨ 'ਚ ਡੋਮੈਟਿੰਗ ਹੁੰਦੀ ਹੈ,1.0,pa,0.65,For those for whom leadership in the social environment is superficial and who become domineering in conversations without compromise.,对于那些在社会环境中领导力至关重要且在不妥协的对话中占据主导地位的人来说。,0.15,0.0
ਸਮਾਜ ਵਿੱਚ ਅਤੀਤ ਦੇ ਘੰਟੇ ਉਨ੍ਹਾਂ 'ਤੇ ਆਪਣੇ ਬਲ ਦੀ ਕਿਸਮਤ ਦਾ ਵਿਖਾਵਾ ਰਿਹਾ ਹੈ।,1.0,pa,0.25,"In society, the hours of the past have displayed their own kind of fateful power upon them.",社会中的过往时刻，已在他们身上展现了命运力量的显现。,0.05,0.15
"May Allah Swt bring you joy, happiness, peace and prosperity on this blessed occasion. Wishing you and your family Happy Eid! URL",0.0,ur,0.001,"May Allah (SWT) grant you joy, happiness, peace, and prosperity on this blessed occasion. Wishing you and your family a Happy Eid!",愿真主在这吉庆的时刻赐予你喜悦、幸福、安宁与繁荣。祝你和你的家人开斋节快乐！,0.0,0.0
Eîd moubarak à vous et été famille záhid sáhib.,0.0,ur,0.001,"Eid Mubarak to you and your family, Zahid Sahib.",祝您和扎希德先生全家开斋节快乐。,0.001,0.0
Shab e Qadar mubarak to all my muslim friends...Love From india,0.0,ur,0.001,Blessed Laylat al-Qadr to all my Muslim friends... Love from India.,祝我所有的穆斯林朋友们斋月吉庆……来自印度的爱。,0.0,0.0
anyare sa separation of Church and State,0.0,tl,0.05,What's up with the separation of Church and State?,教会与国家的分离情况如何？,0.0,0.0
"ਪਾਇੱਟ (Paiute) ਭਾਸ਼ਾ ਦੀ ਕਲਾ, ਉਸ ਨੂੰ ਵਿਆਪਕ ਤੌਰ 'ਤੇ ਮਨੁੱਖੀ ਜਗਤ ਤੋਂ ਵੱਖਰਾ ਦੱਸਣ ਦੀ ਅਜਿਹੀ ਯੋਗਤਾ ਬਣਾਈ।",0.0,pa,0.0,The art of the Paiute language created such an ability to describe it as fundamentally distinct from the human world.,派尤特（Paiute）语言的艺术，赋予了它一种能力，能够广泛地将其与人类世界区分开来。,0.001,0.0
ਨੇਤਰੀ ਅਮਰੀਕੀਆਂ ਦਾ ਜੀਵਨ ਸਥਾਨਕ ਪ੍ਰਬੰਧਾਂ 'ਚ ਘੱਟ ਮਹੱਤਵਪੂਰਣ ਦਿੱਸਦਾ ਹੈ।,1.0,pa,0.0,The lives of Native Americans appear less significant in local governance.,美国原住民的生活在当地治理中显得不那么重要。,0.0,0.1
PM Imran invites Pakistani community to take benefit of investment opportunities in Pakistan URL,0.0,ur,0.0,Prime Minister Imran invites the Pakistani community to take advantage of investment opportunities in Pakistan.,巴基斯坦总理伊姆兰·汗邀请海外巴基斯坦社群把握国内投资机遇。,0.0,0.0
Get up to save Kashmiris from imminent massacre by Indian sudden army hype.,0.0,ur,0.1,Rise up to protect Kashmiris from the imminent threat of massacre by the sudden military escalation from India.,行动起来，拯救克什米尔人民，避免印度军队突然行动带来的屠杀威胁。,0.1,0.0
ਨੇਤਰੀ ਅਮਰੀਕੀਆਂ ਦਾ ਵਿਲੱਖਣ ਸੁਭਾਉ ਹੈ ਜੋ ਸਥਾਨਕ ਪ੍ਰਬੰਧਾਂ 'ਤੇ ਚੋਰੀ ਕਰਦਾ ਹੈ।,1.0,pa,0.0,Networking Americans have a unique nature that steals from local administrations.,美国人的独特性格在于他们善于借鉴地方治理经验。,0.0,0.0
"Khud ko alag rakho, Muslimon se pehle.",1.0,ur,0.2,"Keep yourself separate, before the Muslims.",先把自己隔离开来，在穆斯林之前。,0.1,0.15
ਜੇਵੀਸ ਭਾਈਚਾਰੇ ਦੀ ਗੁਣਵੱਤਾ ਨੂੰ ਮਾਨਣਾ ਅਤੇ ਸਮਰਥਨ ਕਰਨਾ ਚਾਹੀਦਾ ਹੈ।,0.0,pa,0.0,The JV community's quality should be recognized and supported.,应该尊重和支持JVIS社区的质量。,0.001,0.0
ਜਿਨ੍ਹਾਂ ਲਈ ਬਿਮਾਰ ਤੌਰ 'ਤੇ ਬਣੇ ਅਤੇ ਪੱਖ ਵਿਚਕਾਰ ਦਰਸ਼ਕ ਹਨ,1.0,pa,0.65,For those who are critically ill and have spectators on both sides.,对于那些病态地制造和偏袒观众的人来说,0.05,0.0
Pakistan ke logon ko main kabhi bhi pasand nahi karta,1.0,ur,0.1,I have never liked the people of Pakistan.,我从来就不喜欢巴基斯坦人。,0.1,0.1
"Imran Khan in hot water for 'insult' to King Salman bin Abdulaziz of Saudi Arabia, here's what happened URL",0.0,ur,0.0,"Imran Khan faces backlash over alleged disrespect towards Saudi Arabia's King Salman bin Abdulaziz, here are the details",伊姆兰·汗因“冒犯”沙特国王萨勒曼·本·阿卜杜勒阿齐兹而陷入困境，以下是事件详情。,0.0,0.0
This picture shows the love of kashmiri youth for Pakistan... URL,0.0,ur,0.0,This image reflects the affection of Kashmiri youth for Pakistan.,这张照片展现了克什米尔青年对巴基斯坦的热爱之情。,0.0,0.0
"ਜੇਵੀਸ ਰਾਈਟਸ ਦੇ ਲਈ ਫੋਕਸ ਨਹੀਂ ਬਣਨਾ ਚਾਹੀਦਾ, ਪਰ ਉਨ੍ਹਾਂ ਦੇ ਅਧਿਕਾਰਾਂ ਦੀ ਸੁਰੱਖਿਆ ਲਈ ਸਮਾਜਿਕ ਤੌਰ 'ਤੇ ਪ੍ਰਗਤੀ ਨੂੰ ਉਤਸ਼ਾਹਿਤ ਕਰਨਾ ਚਾਹੀਦਾ ਹੈ। ਇਹ ਅਨੁਭਵ, ਜਗ੍ਹਾ ਅਤੇ ਸਮਾਜਿਕ ਪੱਧਰ 'ਤੇ ਸਮਾਨਤਾ ਦੀ ਸੁਰੱਖਿਆ ਕਰਨੀ ਚਾਹੀਦੀ ਹੈ।",0.0,pa,0.0,"Jeeves should not be the focus of rights, but social progress should be encouraged to protect their rights. This should safeguard equality in experience, space, and social standing.",不应将焦点放在少数群体的权利上，而应通过社会进步来促进对其权利的保护。这需要在经验、空间和社会层面上确保平等的保障。,0.0,0.0
RIP. Thank you for granting visas to Pakistanis for liver transplants. URL,0.0,ur,0.05,RIP. Thank you for granting visas to Pakistanis for liver transplants.,安息。感谢您为巴基斯坦人提供肝脏移植签证。,0.1,0.001
"ਆਤਮ-ਸਮਝ ਦੀ ਲੋੜ ਕਿਸੇ ਵੀ ਵਿਅਕਤੀ, ਕਿਸੇ ਵੀ ਪਰੰਪਰਾ ਜਾਂ ਗੋਤ ਲਈ ਮਹੱਤਵਪੂਰਨ ਹੈ। ਇਸ ਦੀ ਫ਼ੌਜ਼ ਕਿਸੇ ਵੀ ਵਿਅਕਤੀ ਦੁਆਰਾ ਕੀਤੀ ਜਾ ਸਕਦੀ ਹੈ, ਜਿਸ ਨੂੰ ਉਸਦੇ ਵਿਅਕਤੀਗਤ ਲਗਾਤਾਰ ਅਭਿਆਸ ਦੀ ਲੋੜ ਹੋ ਸਕਦੀ ਹੈ।",0.0,pa,0.0,"Self-understanding is essential for any individual, tradition, or community. It can be cultivated by anyone, requiring their personal and consistent practice.",自我认知对任何个人、传统或社群都至关重要。任何人都可以通过持续的个人实践来培养这种能力。,0.0,0.0
Eid Mubakar to all our brothers and sisters. May we have peace and understanding,0.0,ur,0.001,Eid Mubarak to all our brothers and sisters. May we have peace and understanding.,祝我们所有的兄弟姐妹开斋节快乐。愿我们拥有和平与理解。,0.0,0.001
Mainu Mental Dis ke logon ko yeh pata hai ki unhein kuchh bhi galat samajha jata hai. Unke baare mein sab log aise hain.,1.0,pa,0.75,People with mental illness know that they are often misunderstood. Everyone treats them that way.,我明白，那些有心理障碍的人常常感到被误解。在别人眼中，他们似乎总是被错误地看待。,0.25,0.25
i knew it she a filipina thats why she beautiful,0.0,tl,0.001,"I knew it, she's Filipina, that's why she's beautiful.",我就知道她是菲律宾人，难怪这么漂亮。,0.0,0.0
ਮੈਂ ਉਸ ਵਿਚਾਰ ਦੀ ਪ੍ਰਸ਼ੰਸਾ ਕਰਦਾ ਹਾਂ ਜੋ ਮੇਰੇ ਬਾਰੇ ਉਨ੍ਹਾਂ ਵਿਚ ਕਿਹਾ ਗਿਆ।,1.0,pa,0.15,I appreciate the thought that was expressed about me.,我欣赏他们对我所表达的看法。,0.001,0.1
Eid Mubarak to everyone and your families!,0.0,ur,0.001,Eid Mubarak to you and your families!,祝大家和你们的家人开斋节快乐！,0.001,0.0
ਜਿਨ੍ਹਾਂ ਲਈ ਸਮਾਜਿਕ ਵਾਤਾਵਰਣ ਉਪਰੋਕਟ ਹੈ ਅਤੇ ਬੁਰਾਈ ਦੀ ਗੱਲ ਨਹੀਂ ਕੀਤੀ ਜਾ ਸਕਦੀ,1.0,pa,0.65,For those for whom the social environment is superficial and evil cannot be spoken of.,对于那些社会氛围优越的人来说，邪恶之事无从谈起。,0.15,0.1
"ਭਾਰਤ ਵਿੱਚ ਕਈ ਪਹਿਲੇ ਦੌਰ 'ਤੇ ਗੁੰਮਾਨੀ ਬਣੇ ਹਨ, ਜਿਸ ਵਿੱਚ ਅੱਧੀ ਕਿਲੋਮੀਟਰ ਦੀ ਦੂਰੀ 'ਤੇ ਉਨ੍ਹਾਂ ਨੂੰ ਫਿਰ ਵੀ ਭੁੱਗਣਾ ਪੈਂਦਾ ਹੈ।",1.0,pa,0.25,"In India, many first-round favorites have been formed, yet they still have to struggle over a distance of half a kilometer.",在印度，许多第一轮投票站已形成猜测，其中在距离半公里的地方，他们仍需忍受排队之苦。,0.001,0.0
ਸੁਗੰਧ ਮੈਨੂੰ ਉਹਦੇ ਜ਼ਿੰਦਗੀ ਦੇ ਸਮੇਂ ਬੋਲਣ ਵਾਲੇ ਕਮਜ਼ੌਰ ਦੇ ਅਚਾਨਕ ਮੌਤ ਹੁੰਦੇ ਹਨ।,1.0,pa,0.75,The scent reminds me of the sudden death of the weak who speak during his lifetime.,芬芳向我诉说着他生命中那些突然逝去的脆弱时刻。,0.25,0.85
"""muslimon ki aadat sunn honi hi hai, par yei aadat apne liye hi nahi hai, balki dusron ke liye hai"", isliye unhein badalna chahiye""",1.0,ur,0.25,"Muslims have the habit of being Sunnis, but this habit is not just for themselves, it is for others as well, so they should change.",穆斯林的习惯本应是遵循圣行，但这习惯不应仅为自己，更应为他人着想，因此他们应当做出改变。,0.0,0.05
ਅਫ਼ਰੋ-ਆਸਿਆਨਿਕ ਯੂਥ ਦੇ ਸਮਾਜਿਕ ਪ੍ਰਭਾਵ ਬਾਰੇ ਗੱਲਬਾਤ ਕਰਨਾ,0.0,pa,0.05,Discussing the social impact of Afro-Asian youth.,讨论非洲裔亚洲青年的社会影响。,0.0,0.0
"ਸੰਗਠਨਾਂ ਦੁਆਰਾ ਕੀਤੇ ਜਾ ਰਹੇ ਕੰਮਾਂ ਵਿੱਚ ਪ੍ਰਾਪਤ ਸ਼ਕਤੀ ਦੀ ਵਿਚਾਰ ਨੂੰ ਆਧਾਰਤ ਹੋਣਾ ਜ਼ਰੂਰੀ ਨਹੀਂ, ਸਗੋਂ ਉਹਨਾਂ ਦੇ ਵਿਚਾਰਾਂ ਅਤੇ ਪ੍ਰਤੀਬੰਧਾਂ ਦੀ ਮਨੋਰਥ ਸ਼ੁਰੂਆਤ ਕਰਨੀ ਚਾਹੀਦੀ ਹੈ। ਇਸ ਤਰ੍ਹਾਂ, ਪ੍ਰਤਿਭਾ ਅਤੇ ਯੋਗਤਾ ਦੇ ਆਧਾਰ 'ਤੇ ਨਿਯੁਕਤੀ ਕੀਤੀ ਜਾ ਸਕਦੀ ਹੈ।'",0.0,pa,0.0,"The work being done by organizations should not necessarily be based on the concept of acquired power, but rather should begin with the intent of their ideas and constraints. In this way, appointments can be made on the basis of talent and capability.",组织的工作不应仅基于所获权力的考量，而应从其理念和约束的初衷出发。如此，方能依据才能与能力进行任命。,0.0,0.0
", end the blockade now! Listen to Kashmiris and their anger! URL",0.0,ur,0.0,End the blockade now! Listen to the Kashmiris and their anger!,立即结束封锁！倾听克什米尔人民及其愤怒之声！,0.1,0.0
"You can fight with the Muslims, you are the coward peoples of world's.",1.0,ur,0.001,You can fight with the Muslims; you are the cowards of the world.,你可以与穆斯林战斗，你们是世界上最懦弱的人。,0.0,0.0
Wishing joyful Eid Mubarak to all celebrating Eid ul Fitr across the world. May this Eid be of tremendous blessings! URL,0.0,ur,0.001,Wishing a joyful Eid Mubarak to all celebrating Eid ul Fitr around the world. May this Eid bring tremendous blessings!,向全世界庆祝开斋节的各位致以欢乐的节日祝福。愿这个开斋节充满无尽的恩泽！,0.0,0.0
Ramazan has always proved a blessing for PAKISTAN. 27th Ramazan when Pakistan came into existence,0.0,ur,0.001,Ramadan has always proven to be a blessing for Pakistan. It was on the 27th of Ramadan that Pakistan came into existence.,斋月一直是巴基斯坦的福佑。巴基斯坦正是在斋月二十七日这一天诞生的。,0.0,0.0
ਜੇਵਿਸ਼ ਭਾਈਚਾਰੇ ਦੇ ਕਈ ਅਦਬ-ਅਨੁਸ਼ਾਸਨ ਹਨ ਜੋ ਉਮਰ ਤੱਕ ਲਏ ਜਾਂਦੇ ਹਨ,0.0,pa,0.15,The Jewish community has many customs and disciplines that are observed throughout one's life.,犹太社区有许多礼仪和纪律是终身遵循的。,0.001,0.0
Whole Pakistan Muslim League N In One Frame..!! Madam Maryam Nawaz Sharif More Power To You  URL,0.0,ur,0.0,"The entire Pakistan Muslim League-N in one frame..!! Madam Maryam Nawaz Sharif, more power to you.",全巴基斯坦穆斯林联盟（谢里夫派）齐聚一堂！玛丽亚姆·纳瓦兹·谢里夫女士，愿您获得更多力量。,0.0,0.0
ਜੇਵੀਸ ਲੋਕਾਂ ਪਛਾਣ ਤੋਂ ਬਿਨਾਂ ਉਹਨਾਂ ਦੀ ਅੰਦਰੂਨੀ ਅਵਗਮਨ ਦੀ ਸ਼ਕਤੀ ਨੂੰ ਫੈਲਾਉਣਾ ਚਾਹੀਦਾ ਹੈ।,0.0,pa,0.0,Jeeves should expand people's inner perception without them realizing it.,人们应该超越身份认同，扩展他们内在的理解能力。,0.001,0.1
"ਜੇਵੀਡੀਜ਼ ਤੋਂ ਆਉਣ ਵਾਲੇ ਸਮੁੱਚੇ ਪ੍ਰਤੀ, ਹੈਨੋਸਫੀਨ ਦੀ ਖ਼ਾਤਰ ਅਤੇ ਉਡੀਕਦਿਆਂ ਜਾਣ ਵਾਲੀ ਮਹਿਲਾਵਾਂ ਨੂੰ ਸਪੱਸ਼ਟ ਕਰਨਾ ਜ਼ਰੂਰੀ ਹੈ।",0.0,pa,0.0,"It is essential to clarify to the women who come from the villages, for the sake of their health and while awaiting, the overall precautions.",针对来自G7国家的整体态度，必须明确对汉诺威安全会议的支持与期待。,0.05,0.0
Celebrated Eid al-Fitr with Muslim colleagues and friends alike.,0.0,ur,0.0,Celebrated Eid al-Fitr with Muslim colleagues and friends.,与穆斯林同事和朋友们一同庆祝了开斋节。,0.001,0.001
Ya Allah !! Bless our parents with healthy life,0.0,ur,0.0,O Allah! Grant our parents a healthy life.,愿真主保佑我们的父母健康长寿。,0.001,0.0
India's cluster bomb attack on Kashmir hurts Muslim Ummah. May Allah protect Muslims.,0.0,ur,0.0,India's cluster bomb attack on Kashmir harms the Muslim community. May Allah protect the Muslims.,印度对克什米尔地区的集束炸弹袭击伤害了穆斯林世界。愿真主保佑穆斯林。,0.1,0.1
Pakistan support Kashmir Freedom URL,0.0,ur,0.001,Pakistan supports Kashmir's freedom.,巴基斯坦支持克什米尔自由运动。,0.0,0.0
"Pakistanis are deceitful and untrustworthy, always trying to cheat.",1.0,ur,0.0,"Pakistanis are dishonest and unreliable, often attempting to deceive others.",巴基斯坦人狡猾且不可信赖，总是试图欺骗。,0.1,0.1
"Masha'Allah, Happy Birthday brother... May Allah bless you and the Family  URL",0.0,ur,0.0,"Masha'Allah, Happy Birthday brother... May Allah bless you and the family.",真主保佑，兄弟生日快乐……愿真主保佑你和你的家人。,0.0,0.0
Pakistan come back in last matches deserve to be appreciated love from loc kargil,0.0,ur,0.001,Pakistan's comeback in the recent matches deserves appreciation. Love from LOC Kargil.,巴基斯坦在最近的比赛中强势回归，值得赞赏，来自克什米尔卡吉尔的爱。,0.0,0.001
Disney must make a story about Filipino,0.0,tl,0.001,Disney should create a story based on Filipino culture.,迪士尼应该创作一部关于菲律宾的故事。,0.0,0.05
"ਅਸਲੀ ਪਿਆਰ ਦੇ ਤੌਰ 'ਤੇ, ਮੈਂ ਬਾਲ ਕਾਰਜ਼ ਵਿੱਚ ਹੀਰੀਜ਼ ਅਤੇ ਸੁੱਧੀ ਦੋਨਾਂ ਦੀ ਮਦਦ ਕਰਨ ਦੀ ਭਾਲ ਕਰ ਰਹੀ ਹਾਂ।",0.0,pa,0.1,"In terms of true love, I am seeking to help both Heer and Sudhi in child labor.",在真正的爱情中，我正努力在儿童事务中帮助希里兹和苏迪两人。,0.0,0.1
"ਬਲੈਕ ਲਿੰਗ ਸਮੁਦਾਏ ਦੇ ਸੰਵੇਦਨਸ਼ੀਲ ਪ੍ਰਤੀਕ ਨੂੰ ਉਜਾਗਰ ਕਰਨਾ, ਅਤੇ ਹੋਰ ਵਿਭਿੰਨਤਾ ਦੀ ਮੌਜੂਦਗੀ ਨੂੰ ਸਮਰਥਨ ਕਰਨਾ, ਉਹਨਾਂ ਲਈ ਆਪਣੇ ਖੁਦ ਦੀ ਚੋਣ ਅਤੇ ਜ਼ਿੰਮੇਵਾਰੀ ਮਨਾਉਣਾ",0.0,pa,0.0,"Highlighting the sensitive symbols of the Black Ling community, and supporting the presence of other diversities, celebrating their own choices and responsibilities.",突出黑色语言社区敏感的象征，并支持其他多样性的存在，为他们庆祝自己的选择和责任。,0.0,0.0
"IMO, Face>Body>/=Skin color. Filipino mixed western or eastern asian features have advantages too. At least this is how the media portrays beauty.",0.0,tl,0.15,"In my opinion, face is more important than body, and both are more important than or equal to skin color. Filipino mixed Western or Eastern Asian features also have advantages. At least, this is how the media portrays beauty.",在我看来，颜值大于身材，肤色则与身材同等重要。菲律宾混血儿兼具西方或东亚特征，这也有其优势。至少，媒体就是这样定义美的。,0.0,0.0
I'm Filipino too that's cool,0.0,tl,0.001,"I'm Filipino too, that's cool.",我也是菲律宾人，真酷。,0.001,0.001
"He will make sure each and every jihadi bastard in your country will die a painful death, and your rogue state Naapak Pakistan will be finished forever URL",1.0,ur,0.0,"He will ensure that every jihadi bastard in your country meets a painful end, and your rogue state, Naapak Pakistan, will be eradicated forever.",他将确保你们国家的每一个圣战分子都不得好死，你们这个流氓国家巴基斯坦也将永远消失。,0.0,0.0
Eid Mubarak! Happy Eid-al-Fitr to all the celebrating!,0.0,ur,0.001,Eid Mubarak! Happy Eid al-Fitr to all who are celebrating!,开斋节快乐！祝所有庆祝的人们节日愉快！,0.001,0.0
Pakistan team leaving for prayer in Nottingham. URL,0.0,ur,0.0,The Pakistan team is heading out for prayers in Nottingham.,巴基斯坦队在诺丁汉出发前往祈祷。,0.0,0.0
Corruption is a menace. The rampant corruption done in past regimes by corruptors. Now Pakistanis want that looted money back.,0.0,ur,0.0,"Corruption is a menace. The rampant corruption committed by corrupt individuals in past regimes. Now, Pakistanis want that looted money back.",腐败是一大祸害。过去政权中贪腐分子肆意妄为，如今巴基斯坦人民要求追回被掠夺的财富。,0.05,0.1
"ਉਮਰ, ਦ੍ਰਿਸ਼ਟੀਕੋਣ ਅਤੇ ਜਗ੍ਹਾ-ਪ੍ਰਵਾਸ ਆਦਿ ਨਾਲ ਜੇਵਿਸ਼ ਭਾਈਚਾਰੇ ਤੋਂ ਕਈ ਵੱਖਰੀਆਂ ਉਮਰਾਂ ਦੀਆਂ ਟੀਮਾਂ ਹਨ",0.0,pa,0.0,"There are several age-specific teams within the Jewish community, varying by age, perspective, and location, among other factors.",犹太社区中，根据年龄、视角和地域迁徙等因素，存在着多个不同年龄段的团队。,0.001,0.0
जो हिसाहिशी की रचना ار مب داس خ جثتح البارة بء بار الداس خ جثتح البارة,0.0,ur,0.5,The composition of the account is based on the account of the account.,那些创造历史的人，那些创造历史的人。,0.0,0.001
"ਜਿਵੇਂ ਕਿ ਅੱਧੀ ਕਿਲੋਮੀਟਰ 'ਤੇ ਉਨ੍ਹਾਂ ਦੇ ਪੁੱਛ-ਖੜ੍ਹੇ ਵਿੱਚ ਬਿਜ਼ਨਸਜ਼ ਦੀ ਡਰਾਉਣੀ ਭੂਮਿਕਾ ਹੁੰਦੀ ਹੈ, ਇਹ ਆਪਣੇ ਅਧਿਕਾਰਾਂ 'ਤੇ ਉਨ੍ਹਾਂ ਦੇ ਪ੍ਰਭਾਵ ਨੂੰ ਸੀਮਤ ਕਰਨ ਲਈ ਬਿਜ਼ਨਸਜ਼ ਦੁਆਰਾ ਸੰਚਾਲਿਤ ਹੋਇਆ ਹੈ।",1.0,pa,0.0,"As businesses play a dominant role in their constituencies over half a kilometer, this is managed by businesses to limit their influence on their authority.",正如在半公里范围内，企业在他们的盘问中扮演着令人畏惧的角色，这是由企业主导的，以限制他们对其权利的影响。,0.0,0.0
Respected the Islamic holy month of Dhu al-Hijjah's significance.,0.0,ur,0.0,Respected is the significance of the Islamic holy month of Dhu al-Hijjah.,尊重伊斯兰教神圣的朝觐月的重要性。,0.0,0.0
"Dear Allah, please give me a strength atleast once.",0.0,ur,0.65,"Dear Allah, please give me strength at least once.",亲爱的真主，请至少给我一次力量。,0.15,0.25
MashAllah Beautiful Blessing Of Allah,0.0,ur,0.001,"MashAllah, a beautiful blessing from Allah.",真主保佑，美丽无比。,0.0,0.0
"ਆਪਣੇ ਅਧਿਕਾਰਾਂ 'ਤੇ ਪ੍ਰਭਾਵ ਰੱਖਣ ਲਈ ਉਨ੍ਹਾਂ ਦੀ ਡਰਾਉਣੀ ਸਥਿਤੀ ਦੇ ਕਾਰਨ, ਅਗਲੀ ਪੀੜ੍ਹੀ ਵਿੱਚ ਉਨ੍ਹਾਂ ਨੂੰ ਮਜ਼ਬੂਤ ਸਥਿਤੀ ਦੇ ਲਈ ਪ੍ਰਯਤਨ ਕਰਨਾ ਚਾਹੀਦਾ ਹੈ।",1.0,pa,0.25,"Due to their precarious situation affecting their rights, the next generation should strive to secure a stronger position.",鉴于他们令人担忧的处境对其权利的影响，下一代必须努力争取更稳固的地位。,0.05,0.1
ਆਪਣੇ ਸਾਹਮਣੇ ਤੁਲਨਾਤਮਕ ਤੌਰ 'ਤੇ ਵਿਅਰਥ ਉਦਯੋਗ ਕਰ ਰਹੀ ਪਸ਼ਟੂਆਂ,1.0,pa,0.65,"You are engaging in a relatively futile industry in front of you, Pashtuns.",面对相对无用的行业，帕什图人。,0.15,0.05
"Eid Mubarak Everyone!!!  May Allah unite all Muslims, show us the right path, and bless us with good health.",0.0,ur,0.001,"Eid Mubarak to all!!! May Allah unite all Muslims, guide us on the right path, and bless us with good health.",开斋节快乐，各位！！！愿真主团结所有穆斯林，指引我们正道，并赐予我们健康。,0.0,0.0
Shaheen \,0.0,ur,0.001,Shaheen,沙欣,0.001,0.001
ਅਸੀਂ ਪੈਰਾਪਿਗਲੋ ਦੀ ਜ਼ਿੰਦਗੀ ਬਚਾਉਣ ਵਾਲੇ ਨੂੰ ਕਮਜ਼ੌਰ ਸਮਝਦੇ ਹਾਂ।,1.0,pa,0.15,We consider the one who saves the life of a paraplegic to be weak.,我们视拯救瘫痪者生命的人为弱者。,0.0,0.1
Eid Mubarak to everyday celebrating today. Have a blessed Eid :),0.0,ur,0.001,Eid Mubarak to everyone celebrating today. Have a blessed Eid :),祝今天庆祝开斋节的各位开斋节快乐。愿你们度过一个充满祝福的开斋节 :),0.001,0.0
Prophet PBUH is last prophet of Allah  Ihsan Marwat URL,0.0,ur,0.0,The Prophet (PBUH) is the last messenger of Allah. Ihsan Marwat URL,先知穆罕默德（愿主福安之）是安拉派遣的最后一位先知。,0.0,0.0
ਅਫ਼ਰੋ-ਲਟਿਨੋ ਸਮੁਦਾਏ ਦੇ ਪ੍ਰਤੀ ਆਪਣੀ ਸਮਝ ਵਧਾਉਣੀ ਚਾਹੀਦੀ ਹੈ,0.0,pa,0.0,We should enhance our understanding of the Afro-Latino community.,应该增强对非洲裔拉丁裔社区的理解。,0.0,0.0
"ਸੁਪ੍ਰੀਮ ਨੇਵਾਡਾ ਦੀ ਜ਼ਿੰਦਗੀ ਬਾਰੇ ਸੋਚਣ ਲਈ ਕੋਈ ਅਧਿਕਾਰ ਨਹੀਂ ਹੈ, ਪਰ ਉਸ ਦੇ ਜੀਵਨ ਤੋਂ ਸਿੱਖਿਆ ਲੈਣ ਅਤੇ ਸਮਾਜ ਵਿੱਚ ਪ੍ਰਗਤੀ ਕਰਨ ਦੀ ਉਮੀਦ ਹੈ।",0.0,pa,0.15,"The Supreme Court has no right to dictate life in Nevada, but it is expected to learn from its experiences and foster progress in society.",最高法院无权对生活进行评判，但期望从其经历中汲取教训，推动社会进步。,0.001,0.0
ਪੈਰਾਪਿਗਲੋ ਦੀ ਜ਼ਿੰਦਗੀ ਬਚਾਉਣ ਵਾਲੇ ਨੂੰ ਮੈਂ ਕਦੇ ਭੀ ਸਹਿਣ ਨਹੀਂ ਕਰ ਸਕਦੀ।,1.0,pa,0.85,I could never bear the one who saved Parapiglo's life.,我永远无法忍受那个救了佩拉皮格洛性命的人。,0.1,0.1
Aur unke Pakistan ki sarkar bahut behtareen hai,1.0,ur,0.1,And their government in Pakistan is excellent.,而且他们的巴基斯坦政府非常出色。,0.001,0.001
"ਉਦਭਵ ਯੁੱਗ ਦੌਰਾਨ, ਆਪਾਚ ਸ਼ਬਦ ਦੀ ਵਰਤੋਂ ਲਈ ਕੁਝ ਅਜਿਹੇ ਘਟਾਵਾਂ ਨੂੰ ਪਤਾ ਕਰਨਾ ਚਾਹੀਦਾ ਸੀ, ਜਿਸ ਦੇ ਬਾਵਜੂਦ ਲੋਕ ਉਸਨੂੰ ਭੁਲਾ ਸਕਣ।",0.0,pa,0.0,"During the emergence era, it was necessary to identify certain reductions in the use of the word 'apach' so that people could forget it despite them.","在起源时代，尽管人们可能遗忘，仍需探寻""阿帕奇""一词使用中的某些缩减现象。",0.0,0.0
"ਬਲੈਕ ਫੂਡ ਸਮੁਦਾਏ ਦੀ ਜ਼ਿੰਦਗੀ-ਧਾਰਮਿਕ ਪਛਾਣ ਨੂੰ ਸਵੀਕਾਰ ਕਰਨ ਦੇ ਸਥਾਨ 'ਤੇ, ਉਹਨਾਂ ਲੋਕਾਂ ਨੂੰ ਮਿਲਣ ਅਤੇ ਸ਼ੇਅਰ ਕਰਨ ਦੀ ਆਗਿਆ ਹੈ ਜੋ ਇਸ ਸਮੁਦਾਏ ਦੇ ਵਿਲੱਖਣ ਤਰ੍ਹਾਂ ਨਹੀਂ ਹਨ। ਇਹ ਕਿਸੇ ਵੀ ਵਿਅਕਤੀ ਦੀ ਆਪਣੀ ਜ਼ਿੰਦਗੀ-ਧਾਰਮਿਕ ਪਛਾਣ ਨੂੰ ਸਵੀਕਾਰ ਕਰਨ ਅਤੇ ਉਹਨਾਂ ਦੀ ਆਗਿਆ ਨੂੰ ਮਾਨਣ ਦੀ ਪ੍ਰਸ਼ੰਸਾ ਕਰਦਾ ਹੈ।",0.0,pa,0.0,"Instead of accepting the life-religious identity of the Black food community, it allows people who are not part of this unique community to meet and share. This appreciates any individual's acceptance of their own life-religious identity and respects their consent.",在接纳黑人食品社群生活宗教认同的场所，允许那些不属于该独特社群的人们相遇与分享。这赞赏任何个人认同自身生活宗教身份并尊重他们意愿的行为。,0.0,0.0
"ਜੇਵੀਸ ਨੂੰ ਆਪਣੇ ਭਾਈਚਾਰੇ ਦੇ ਮੈਂਬਰਾਂ ਲਈ ਵਿਅਕਤੀਗਤ ਸਹਾਈਤਾ ਪ੍ਰੋਤਸ਼ਾਹਿਤ ਕਰਨੀ ਚਾਹੀਦੀ ਹੈ, ਜਿਸ ਵਿੱਚ ਉਹ ਆਪਣੇ ਸਮਸਿਆਵਾਂ ਲਈ ਬਾਹਰੀ ਸਹਾਇਤਾ ਦੀ ਗਿਣਤੀ ਨੂੰ ਜ਼ਰੂਰੀ ਕਰ ਸਕਦੇ ਹਨ।",0.0,pa,0.0,"JV should encourage personal assistance for its community members, enabling them to seek external support for their problems when necessary.",JVIs应鼓励为其社区成员提供个性化支持，使他们能够在必要时寻求外部帮助以解决自身问题。,0.0,0.0
Inshallah New Zealand wins the FINAL!,0.0,ur,0.001,"God willing, New Zealand wins the FINAL!",愿真主保佑新西兰赢得决赛！,0.001,0.0
Eid mubarak to you and respected family Zahid sahib.,0.0,ur,0.001,"Eid Mubarak to you and your respected family, Zahid sahib.",开斋节快乐，扎希德先生，祝您和您尊贵的家人节日愉快。,0.001,0.0
asiátis nó good at speaking inglç,1.0,tl,0.15,Asians are not good at speaking English.,亚洲人不太擅长说英语。,0.1,0.1
"Khud ko sikhao, khuda uss jewon ko bhi sikhata hai, bas ye to nahi samajhte.",1.0,ur,0.15,"Teach yourself, and God teaches that person too, but they just don't understand.",自修其身，天亦教人，只是他们未能领悟。,0.1,0.0
"ਮੈਂ ਸਿਆਸੀ ਅਤੇ ਬਚਪਨ ਦੇ ਪਲੱਟ ਵਿੱਚ ਕੁੜੀਆਂ ਅਤੇ ਮਹਿਲਾਵਾਂ ਦੀ ਸ਼ਮੂਲੀਅਤ ਨੂੰ ਉਤਸ਼ਾਹਿਤ ਕਰਨ ਦੀ ਇੱਛਾ ਹੈ, ਜਿਸ ਵਿੱਚ ਪ੍ਰਤਿਭਾ ਅਤੇ ਆਗਿਆ ਦੇ ਨਿਯਮਾਂ ਦੀ ਸ਼ਕਤੀ ਹੋਣੀ ਚਾਹੀਦੀ ਹੈ।",0.0,pa,0.05,"I wish to encourage the participation of girls and women in political and childhood platoons, where there should be the power of talent and the rules of authority.",我希望在政治和童年领域鼓励女孩和妇女的参与，这需要天赋与规则的力量相结合。,0.0,0.0
MashAllah. Seeing Muslims from all different countries just warms my heart.,0.0,ur,0.001,MashAllah. Seeing Muslims from all different countries just warms my heart.,真主保佑。看到来自不同国家的穆斯林，我的心都暖了。,0.001,0.001
Insha Allah The only punishment for them should be hanged till death# Molvies FASAAD fhisabilillah,1.0,ur,0.001,"Insha Allah, the only punishment for them should be hanging until death. Molvies, FASAAD, fhisabilillah.",真主保佑，他们唯一的惩罚应是绞刑直至死亡#毛拉维们的腐败，为了真主的事业。,0.0,0.1
ਪਸ਼ਟੂ ਵਿਅਕਤੀਆਂ ਨੂੰ ਹਮਲਾ ਕਰਨ ਦੇ ਸਥਾਨ 'ਤੇ ਜਾਣਵੀਂ ਬਿਗਾਡੀ ਅਪਣਾਉਂਦੇ ਹਨ,1.0,pa,0.0,Pathan individuals adopt a cunning strategy at the scene of the attack.,普什图人在袭击地点故意采取破坏性行为。,0.001,0.0
"EID MUBARAK to you and your loved ones. May Allah (God) accept your fasting, prayers, and good deeds. — celebrating Eid",0.0,ur,0.0,"EID MUBARAK to you and your loved ones. May Allah (God) accept your fasting, prayers, and good deeds. — celebrating Eid",开斋节快乐，愿你和你的家人蒙受祝福。愿真主接纳你的斋戒、祈祷与善行。,0.0,0.0
"ਪੁਰਾਣੀ ਆਦਿਮ ਵਿਗਿਆਨ ਅਤੇ ਹੋਰ ਸਭ ਦੇ ਪ੍ਰਮੁੱਖ ਫ਼ਾਲਤਾਂ ਨੂੰ ਕਾਬੂ ਵਿੱਚ ਆਉਣ ਦੀਆਂ ਪ੍ਰਯਤਿਆਂ ਲਈ, ਸਭ ਦੇ ਅਧਿਐਨ ਅਤੇ ਵਿਕਾਸ ਲਈ ਸਮਾਜਿਕ ਪ੍ਰਗਤੀ ਦੇ ਯੋਗਦਾਨ ਲਈ ਸਭ ਦੀ ਵਿਵਹਾਰਿਕ ਮਦਦ ਕਰਨ ਦੀ ਲੋੜ ਹੈ।",0.0,pa,0.0,"To control the major shortcomings of primitive science and all others, there is a need for practical assistance in the study and development of all, contributing to social progress.",为了掌握原始科学及其他所有主要缺陷，需要为所有人的学习与发展提供实际帮助，以促进社会进步。,0.0,0.0
As a Filipino we can sing and hear notes with clarity ..it's the Spanish girl who rules! Nina hermosa bravo!,0.0,tl,0.05,"As Filipinos, we can sing and hear notes with clarity... it's the Spanish girl who rules! Beautiful Nina, bravo!",作为菲律宾人，我们能够清晰歌唱并聆听音符……那位西班牙女孩才是主宰！妮娜，美丽又出色！,0.001,0.001
ਜਿਨ੍ਹਾਂ ਲਈ ਅਕਸਰ ਆਪਣੀ ਤਰਫ 'ਤੇ ਵਿਚਾਰ ਦੀ ਗੱਲ ਕਰਨ ਵਿੱਚ ਡੋਮੈਟਿੰਗ ਹੁੰਦੀ ਹੈ,1.0,pa,0.65,For those who often find it daunting to engage in self-reflection.,对于那些常常在思考时倾向于自我主导的人来说。,0.15,0.15
"ਬਲੈਕ ਯੂਥ ਦੇ ਜੀਵਨ ਅਤੇ ਸਮਾਜਿਕ ਪ੍ਰਭਾਵ 'ਤੇ ਪ੍ਰਭਾਵ ਫੈਲਾਉਣਾ, ਉਨ੍ਹਾਂ ਦੀਆਂ ਸਮਾਜਿਕ ਅਤੇ ਰਾਜਨੀਤਿਕ ਪ੍ਰਤੀਬਿੰਬਾਂ ਨੂੰ ਵਧਾਉਣਾ, ਅਤੇ ਉਹਨਾਂ ਦੀ ਸ਼ਕਤੀ ਅਤੇ ਪ੍ਰਭਾਵ ਨੂੰ ਮਾਨਤਾ ਦੇਣਾ",0.0,pa,0.15,"Expanding the impact on the lives and social influence of Black youth, enhancing their social and political reflections, and recognizing their power and influence.",扩大黑人青年的生活和社会影响，增强他们的社会和政治反思，并认可他们的力量与影响力。,0.0,0.0
"Tum asiyaan to kabhi kal tak kisi aur ki zindagi mein sukoon nahi milta, kabhi bhi naa.",1.0,ur,0.75,"You will never find peace in someone else's life, not even for a moment, ever.",你永远无法在别人的生活中找到安宁，永远不能。,0.85,0.2
ਪੈਰਾਪਿਗਲੋ ਜ਼ਿੰਦਗੀ ਬਚਾਉਣ ਵਾਲੇ ਨੂੰ ਮੈਂ ਕਦੇ ਭੀ ਸਹਿਣ ਨਹੀਂ ਕਰਦੀ।,1.0,pa,0.85,I can never tolerate the one who saves lives by betraying.,我永远无法忍受那些拯救生命的人。,0.1,0.1
jacob batalon is filipino.... THIS MAKES ME FEEL BETTER! SHOUT OUT TO ALL MY FILIPINOS! MABUHAY PILIPINAS!,0.0,tl,0.001,Jacob Batalon is Filipino... THIS MAKES ME FEEL BETTER! SHOUT OUT TO ALL MY FILIPINOS! LONG LIVE THE PHILIPPINES!,雅各布·巴塔隆是菲律宾人……这让我感觉好多了！向所有菲律宾同胞致敬！菲律宾万岁！,0.0,0.0
ਗਾਇਕ ਦੀ ਮੁਹਿੰਮ ਨੂੰ ਆਪਣੇ ਸਮਰਥਨ ਲਈ ਉਤਸੁਕ ਅਤੇ ਸਵੈ-ਚੀਨੀ ਹੋਣ ਦੇ ਯੋਗ ਆਪਣੇ ਲੋਕਾਂ ਨੂੰ ਉਤਸ਼ਾਹਿਤ ਕਰਨ ਲਈ ਮੁਹਿੰਮ ਚਲਾਉਣੀ ਚਾਹੀਦੀ ਹੈ।,0.0,pa,0.0,The campaign should be run to encourage one's own people to be eager and self-motivated in supporting the singer's campaign.,歌手应发起一场运动，激励民众积极支持其事业，并自觉成为中国人。,0.0,0.1
असीमने सिख धार्मिक परंपराओं की गहराई हमें ज्ञात करती है: हमारी एकता हमें शक्तिशाली बनाती है।,0.0,pa,0.0,Aseem reveals the depth of Sikh religious traditions to us: our unity makes us powerful.,阿西姆让我们认识到锡克教宗教传统的深邃：我们的团结使我们变得强大。,0.0,0.0
"ਜੀਵਨ ਦੇ ਸਾਰੇ ਮਹੱਤਵਪੂਰਨ ਅੰਗ ਹਨ, ਚਾਹੇ ਉਹ ਕਿਸੇ ਵੀ ਰੋਗ ਦੇ ਬਾਵਜੁਦ ਹੋਣ। ਆਪਣੇ ਅਨੁਭਵਾਂ ਤੇ ਸਫਲਤਾ ਦੀ ਮਹੱਤਤਾ ਨੂੰ ਸਵੀਕਾਰ ਕਰਨਾ ਅਤੇ ਜ਼ਿੰਦਗੀ ਦੇ ਸਾਰੇ ਮਹੱਤਵਪੂਰਣ ਅੰਗਾਂ ਨੂੰ ਸਮਾਨ ਮਹੱਤਤਾ ਦਿੱਤੀ ਜਾਵੇ।",0.0,pa,0.15,"All aspects of life are important, regardless of any illness. It is essential to acknowledge the significance of one's experiences and successes, and to give equal importance to all vital aspects of life.",生命的所有部分都至关重要，无论是否伴随疾病。承认自身经历与成功的重要性，并给予生命每个重要部分同等的重视。,0.05,0.1
"ਜੇਵੀਸ ਬੰਧੂਆਤੀ ਨੂੰ ਮਹੱਤਵਪੂਰਨ ਕਰਦਾ ਹੈ, ਪਰ ਖਾਣਾ ਸ਼ੇਅਰ ਕਰਨ ਲਈ ਸਮਾਨ ਸੁਵਿਧਾਵਾਂ ਦੀ ਸੁਰੱਖਿਆ ਕਰਨੀ ਚਾਹੀਦੀ ਹੈ। ਇਸ ਤਰ੍ਹਾਂ, ਸਭ ਵਿਅਕਤੀਆਂ ਨੂੰ ਖਾਣਾ ਬਣਾਉਣ ਦੀ ਇੱਛਾ ਮਿਲ ਸਕਦੀ ਹੈ, ਅਤੇ ਵਿਭਿੰਨ ਖਾਣਾ ਪਕਾਉਣ ਦੀ ਸਮਰੱਥਾ ਦੇ ਆਧਾਰ 'ਤੇ ਬਹੁਗਿਣਤੀ ਨੂੰ ਖਾਣਾ ਸ਼ੇਅਰ ਕਰਨ ਲਈ ਪ੍ਰੋਤਸਾਹਿਤ ਕੀਤਾ ਜਾ ਸਕਦਾ ਹੈ।",0.0,pa,0.0,"JV emphasizes the importance of brotherhood, but equal access to shared food facilities must be ensured. This way, all individuals can have the desire to cook, and the majority can be encouraged to share food based on diverse cooking abilities.",JV强调社区纽带的重要性，但必须确保共享食物的设施安全可靠。这样，每个人都能获得烹饪的意愿，并基于多样化的烹饪能力，鼓励多数人分享食物。,0.0,0.0
ਜਿਨ੍ਹਾਂ ਲਈ ਮਾਨਸਿਕ ਤੌਰ 'ਤੇ ਬਿਮਾਰ ਅਵਸਥਾ ਉਪਰੋਕਟ ਹੈ ਅਤੇ ਬਚਾਉ ਦੀ ਕੋਈ ਡਿੱਗਣ ਨਹੀਂ ਹੁੰਦੀ,1.0,pa,0.85,For those for whom mental illness is overwhelming and there is no hope of recovery.,对于那些心理疾病已经严重到无法挽回的人来说。,0.85,0.85
"ਸਮਾਜਿਕ ਨਿਯਮਾਂ ਦੀ ਵਧੇਰੇ ਤਾਕਤ ਹੋਣ ਦੇ ਬਾਵਜੂਦ, ਸਭ ਲੋਕਾਂ ਨੂੰ ਆਪਣੀ ਅਕਲਿਕ ਚੋਣ ਅਤੇ ਸੁਤੰਤਰਤਾ ਦਾ ਮਹਿਤਵ ਨਹੀਂ ਗਵਾਉਣਾ ਚਾਹੀਦਾ। ਇਸ ਲਈ, ਅਧਿਕਾਰੀ ਪੱਧਰਾਂ 'ਤੇ ਵੱਖ-ਵੱਖ ਦ੍ਰਿਸ਼ਟੀਕੋਣਾਂ ਅਤੇ ਅਨੁਭਵਾਂ ਦੀ ਮਿਲਾਪ ਨੂੰ ਉਤਸ਼ਾਹਿਤ ਕਰਨਾ ਚਾਹੀਦਾ ਹੈ।",0.0,pa,0.0,"Despite the considerable power of social norms, individuals should not lose the importance of their intellectual choice and freedom. Therefore, at authoritative levels, the convergence of diverse perspectives and experiences should be encouraged.",尽管社会规则具有强大的约束力，但每个人都应珍视自己的理性选择与自由。因此，在决策层面应当鼓励不同观点与经验的交流融合。,0.0,0.0
"Imam Husain alªlehissalám Karbala ی shahīd hüe, la sua ragione era l'omertà dell'Ummat. Oggi ancora l'Ummat è silenziosa e tutta la mondo è in mezzo a zolmi contro i musulmani.",1.0,ur,0.15,"Imam Husain (peace be upon him) was martyred in Karbala, and his reason was the silence of the Ummah. Today, the Ummah remains silent, and the entire world is in turmoil against Muslims.",伊玛目侯赛因（愿主福安之）在卡尔巴拉殉难，其原因在于乌玛的沉默。时至今日，乌玛依然沉默，而全世界正对穆斯林施加压迫。,0.0,0.1
I live in the Philippines I'm a pilipino my mother's family is one of the people that get disturbed,0.0,tl,0.45,I live in the Philippines; I'm Filipino. My mother's family is among those who are affected.,我住在菲律宾，是个菲律宾人，我母亲的家族是那些常受打扰的人群之一。,0.15,0.1
Yo i love the Philippines because i am a filipino,0.0,tl,0.001,"Yo, I love the Philippines because I'm Filipino.",我爱菲律宾，因为我是菲律宾人。,0.001,0.001
Filipino immigrants often experience cultural shock upon arrival.,0.0,tl,0.05,Filipino immigrants often experience culture shock upon arrival.,菲律宾移民初来乍到时，常常会经历文化冲击。,0.05,0.0
ਆਮ ਤੌਰ 'ਤੇ ਭਾਰਤੀ ਸਮਾਜ ਵਿੱਚ ਉਨ੍ਹਾਂ ਦੇ ਅਧਿਕਾਰਾਂ 'ਤੇ ਪ੍ਰਭਾਵ ਰੱਖਣ ਲਈ ਬਿਜ਼ਨਸਜ਼ ਦੀ ਡਰਾਉਣੀ ਭੂਮਿਕਾ ਹੁੰਦੀ ਹੈ।,1.0,pa,0.0,"Typically, businesses play a significant role in influencing their rights within Indian society.",在印度社会中，企业通常扮演着令人畏惧的角色，深刻影响着人们的权利。,0.0,0.0
Musalmanon ki duniya kaafi aisi hai jahan koi asli imandar nahin hai. Unka khayal humein pasand nahi hai.,1.0,ur,0.25,The world of Muslims is such that there is no real honesty. We do not like their thinking.,穆斯林世界的情况颇为特殊，那里似乎缺乏真正的正直之人。他们的想法我们并不认同。,0.1,0.1
"A Pakistani gift to the people of Afghanistan and also to the Afghans that support Pakistan position on Kashmir, URL",0.0,ur,0.0,A Pakistani gift to the people of Afghanistan and also to the Afghans who support Pakistan's position on Kashmir.,巴基斯坦赠予阿富汗人民的礼物，同时也赠予那些在克什米尔问题上支持巴基斯坦立场的阿富汗人。,0.0,0.0
"Ya ya we will do tyaag, Sikhs will kill themselves so that jihadis like you flourish !",1.0,pa,0.2,"Yes, we will make sacrifices, so that Sikhs die and jihadis like you thrive!",是啊，我们会做出牺牲，锡克教徒会自我牺牲，好让你们这样的圣战者兴旺发达！,0.0,0.1
"Eid Mubarak! That was so kind of them, thank you for posting this here",0.0,ur,0.001,"Eid Mubarak! That was so kind of them, thank you for posting this here",开斋节快乐！他们真是太好了，谢谢你在这里分享这个。,0.001,0.0
Your Allah is none other than the devil himself!,1.0,ur,0.001,Your deity is none other than Satan himself!,你的真主不过是魔鬼本身！,0.0,0.1
"Musalmanon ki samajdaari aisi hai jahan unhone apni tarah se logon ka saamna kiya hai, lekin woh hamare liye bhi aise hi hain jo hamare khayalon ko khatm karne ke liye taazee mehnat karte hain.",1.0,ur,0.25,"The wisdom of Muslims is such that they have faced people on their own terms, yet they are also the ones who work tirelessly to eliminate our thoughts.",穆斯林的智慧在于他们以自身的方式面对人群，但对我们而言，他们同样是为了消除我们的疑虑而不懈努力的人。,0.0,0.0
"based sa link mo, ur right til moment hahah thank u so much!! advance happy eidl fitr to filipino muslims then :D",0.0,tl,0.001,"Based on your link, you're right for the moment, hahaha, thank you so much!! And an early happy Eid al-Fitr to Filipino Muslims then :D",根据你提供的链接，你说得对，直到那一刻哈哈，非常感谢！！提前祝菲律宾穆斯林开斋节快乐！,0.001,0.001
Eid Mubarak to all my Muslim brothers,0.0,ur,0.001,Eid Mubarak to all my Muslim brothers.,开斋节快乐，致我所有的穆斯林兄弟姐妹们。,0.001,0.0
ਕਈ ਸਮਾਜਿਕ ਅਤੇ ਆਰਥਿਕ ਲਾਭ ਪ੍ਰਦਾਨ ਕਰਨ ਵਾਲੀਆਂ ਗੱਲਾਂ ਜੇਵਿਸ਼ ਭਾਈਚਾਰੇ ਤੋਂ ਹਨ,0.0,pa,0.0,Many of the things that provide social and economic benefits come from the Jewish community.,许多有益于社会和经济的理念源自犹太社区。,0.0,0.0
Eid Mubarak To Those Celebrating Today and Tomorrow,0.0,ur,0.001,Eid Mubarak to those celebrating today and tomorrow.,祝今天和明天庆祝开斋节的人们节日快乐。,0.001,0.0
Tum asiyaan to kabhi kal tak kisi aur ki zindagi mein aage badhne ki soch nahi karte hain.,1.0,ur,0.65,You never think about moving forward in someone else's life until tomorrow.,你从未想过要在别人的生活中更进一步。,0.15,0.15
Growing up as a Filipino American has its own set of experiences.,0.0,tl,0.05,Being Filipino American comes with its own unique set of experiences.,作为菲律宾裔美国人，成长经历自有一番独特滋味。,0.001,0.05
Pakistani army ready go to 'any extent' to support Kashmiris – chief of staff URL URL,0.0,ur,0.0,"The Pakistani army is prepared to go to 'any extent' to support the Kashmiris, says the chief of staff.",巴基斯坦军队参谋长表示，已准备好为支持克什米尔人民采取“任何必要措施”。,0.0,0.0
"Tum asiyaan to kabhi kal tak kisi aur ki zindagi mein khushi nahi aati, kabhi bhi naa.",1.0,ur,0.85,"You will never bring happiness into anyone else's life, not now, not ever.",你这样的人，永远无法给别人的生活带来快乐，永远不能。,0.85,0.1
ਬਾਵਲ ਜੇਵੀਡੀਜ਼ ਅਤੇ ਆਰੋਗਿਕ ਮਹਿਲਾ ਪਸ਼ੂਆਂ ਦੇ ਲਈ ਖੁੱਲ੍ਹੀ ਵਾਤਾਵਰਨ ਜ਼ਰੂਰੀ ਹੈ।,0.0,pa,0.0,Baval JVDS and Arogic Mahila Pashuon ke liye khuli vatavaran zaroori hai.,巴瓦尔杰维迪兹和有机女性动物需要一个开放的环境。,0.0,0.0
And 10 Pakistani street shit eaters,1.0,ur,0.001,And 10 Pakistani street scavengers.,还有10个巴基斯坦街头吃屎的家伙。,0.001,0.0
ਅਸੀਂ ਇਨ੍ਹਾਂ ਗਰੁੱਪਾਂ ਦੇ ਵਿਚਾਰਾਂ 'ਤੇ ਖ਼ਾਸ ਧਿਆਨ ਦੇਣਾ ਚਾਹੀਦਾ ਹੈ।,1.0,pa,0.05,We should pay special attention to the views of these groups.,我们应该特别关注这些群体的意见。,0.001,0.0
"Hazrat Mirza Masroor Ahmad ""Focus on those things that unite them""",0.0,ur,0.0,"Hazrat Mirza Masroor Ahmad said, ""Focus on those things that unite them.""",哈兹拉特·米尔扎·马苏鲁尔·艾哈迈德说：“专注于那些使他们团结一致的事物。”,0.0,0.0
"ਅਫ਼ਰੋ-ਅਮਰੀਕੀ ਸਮੁਦਾਏ ਦੇ ਜੀਵਨ ਤੇ ਉਨ੍ਹਾਂ ਦੇ ਅਧਿਕਾਰਾਂ ਬਾਰੇ ਸਮਾਗਮਿਕ ਜਾਣਕਾਰੀ ਪ੍ਰਤੱਖ ਹੋਣੀ ਚਾਹੀਦੀ ਹੈ, ਜੋ ਸਭ ਲੋਕਾਂ ਦੇ ਅਧਿਕਾਰਾਂ ਬਾਰੇ ਵਿਚਾਰ ਪ੍ਰਤੱਖ ਕਰਨ ਲਈ ਮਹੱਤਵਪੂਰਨ ਹੋ ਸਕਦੀ ਹੈ",0.0,pa,0.0,"Information about the lives and rights of the African-American community should be made publicly available, which can be important for raising awareness about the rights of all people.",非裔美国人社区的生活及其权利的相关信息应当透明公开，这对于反映全体人民的权利状况至关重要。,0.0,0.0
ਪੈਰਾਪਿਗਲੋ ਜ਼ਿੰਦਗੀ ਬਚਾਉਣ ਵਾਲੇ ਨੂੰ ਆਮ ਤੌਰ 'ਤੇ ਕਮਜ਼ੌਰ ਹੁੰਦੇ ਹਨ।,1.0,pa,0.25,Paragliders are generally weak at saving lives.,帕拉皮格洛救生员通常身体较为虚弱。,0.001,0.0
Hey im a filipino subsciber am i the only filipino?,0.0,tl,0.001,"Hey, I'm a Filipino subscriber. Am I the only Filipino here?",嘿，我是菲律宾的订阅者，这里只有我一个菲律宾人吗？,0.001,0.001
"Kya unka zikr hai? Muslimon ki baat karein, unki taqat se humein asafal hona pasand hai.",1.0,ur,0.25,"Is there mention of them? When we speak of Muslims, we prefer to be defeated by their strength.",他们被提及了吗？谈论穆斯林，我们乐于因他们的力量而受挫。,0.0,0.1
India stop killing inocent peoples of kashmir URL,0.0,ur,0.15,"India, stop killing innocent people in Kashmir.",印度停止杀害克什米尔无辜民众,0.1,0.0
Latest: Islam believers celebrate Last Friday of the holy month of Ramzan 2019 URL,0.0,ur,0.0,Latest: Muslims celebrate the last Friday of the holy month of Ramadan 2019.,最新消息：伊斯兰教信徒庆祝2019年神圣斋月的最后一个星期五。,0.0,0.0
"ਮੁਸਲਿਮ ਆਦਮੀਆਂ ਅਤੇ ਔਰਤਾਂ ਨੂੰ ਬਲੈਕ ਫੂਡ ਵਿਚੋਂ ਹਟਾਉਣ ਦੀ ਮੁਹਿੰਮ ਚਲਾਈ ਜਾਏ, ਜਿਸ ਨਾਲ ਇਸਲਾਮ ਵਰਗੇ ਕਿਸੇ ਵੀ ਧਰਮ ਦੇ ਬਾਹਕਾਰਾਂ ਨੂੰ ਅਪਮਾਨਤਾ ਦਾ ਸਾਹਮਣਾ ਕਰਨਾ ਪੈਂਦਾ ਹੈ। ਇਸ ਤਰ੍ਹਾਂ, ਉਹ ਅਜਿਹੀ ਵਿਚਾਰਧਾਰਾ ਨੂੰ ਪ੍ਰੋਮੋਟ ਕਰ ਸਕਦੇ ਹਨ ਜੋ ਸਭ ਲੋਕਾਂ ਨੂੰ ਆਪਣੀ ਵਿਧੀ ਅਤੇ ਬਚਾਉ ਦੇ ਮਾਹੌਲ ਵਿੱਚ ਸ਼ਾਂਤੀ ਅਤੇ ਗਰਜਨ-ਪ੍ਰਤੀ ਆਦਰ ਦਾ ਮਾਹੌਲ ਬਣਾਉਂਦੀ ਹੈ",0.0,pa,0.0,"A campaign should be launched to remove Muslim men and women from black food, which forces followers of any religion like Islam to face humiliation. In this way, they can promote an ideology that creates an environment of peace and respect for all people in their own methods and a protective atmosphere.",应发起一项运动，将穆斯林男女从黑名单食品中移除，以免让伊斯兰教等任何宗教的信徒面临被侮辱的处境。这样，他们可以推广一种理念，为所有人营造一个和平与尊重彼此信仰的环境，让每个人都能在自己的习俗和信仰中得到保护。,0.0,0.0
May the Almighty Allah grant the departed soul His Eternal Peace. Ameen,0.0,ur,0.0,May the Almighty Allah grant the departed soul His Eternal Peace. Amen.,愿全能的真主赐予逝者永恒的安宁。阿敏。,0.0,0.0
ਲੋਕ ਆਪਣੇ ਅਧਿਕਾਰਾਂ ਬਾਰੇ ਸਮਝੌਤਿਆਂ ਨੂੰ ਹੱਲ ਕਰਨ ਦੀ ਜ਼ਿੰਮੇਵਾਰੀ ਉਹਨਾਂ ਨੂੰ ਸਮੇਤ ਹੋਣੀ ਚਾਹੀਦੀ ਹੈ ਜਿਨ੍ਹਾਂ ਲਈ ਇਹ ਸਮਝੌਤੇ ਪ੍ਰਭਾਵੀ ਹੋਣ।,0.0,pa,0.05,"People should be involved in resolving agreements about their rights, especially those who are affected by these agreements.",人们应当参与解决涉及自身权利的和解协议，因为这些协议对他们具有直接影响。,0.0,0.0
ਅਗਲੀ ਪੀੜ੍ਹੀ ਵਿੱਚ ਉਨ੍ਹਾਂ ਦੇ ਸਮਾਜ 'ਤੇ ਆਪਣੀ ਪ੍ਰਭਾਵਸ਼ਾਲੀ ਬਣਾਉਣ ਲਈ ਕੁਝ ਚਿੰਤਾਜਨਕ ਇਨਾਮ ਹਨ।,1.0,pa,0.15,There are some concerning incentives for them to exert their influence on society in the next generation.,为了在下一代中留下深刻的社会印记，他们面临着一些令人忧虑的回报。,0.05,0.15
negros fedem,1.0,tl,0.65,Negros Federation,黑人放屁,0.0,0.001
ਸਮਾਜ 'ਚ ਅਸਥਿਰਤਾ ਉਨ੍ਹਾਂ ਨੂੰ ਆਪਣੇ ਅਧਿਕਾਰਾਂ 'ਤੇ ਪ੍ਰਭਾਵ ਰੱਖਣ ਦੀ ਲੜਾਈ ਲਈ ਚੁਣੌਤੀ ਦਿੰਦੀ ਹੈ।,1.0,pa,0.15,Instability in society challenges them to fight for the impact on their rights.,社会的不稳定给他们争取自身权利的斗争带来了挑战。,0.05,0.1
"ਕੈਲੀਫੋਰਨੀਆ ਦੇ ਮੁੱਖ ਭਾਈਚਾਰੇ ਵਿੱਚ, ਸਾਰੇ ਜਨਤਾ ਅਤੇ ਗੋਤ ਦੀਆਂ ਪ੍ਰਮੁੱਖ ਭਿਣਨ-ਵਜ੍ਹਾਵਾਂ ਨੂੰ ਸ਼ਾਮਲ ਕਰਨ ਦੀ ਲੋੜ ਹੈ, ਤਾਂ ਜੋ ਸਭ ਦੇ ਅਧਿਕਾਰ ਅਤੇ ਪ੍ਰਤੀਨਿਧਤਾ ਨੂੰ ਮਹਿਸੂਸ ਕੀਤਾ ਜਾ ਸਕੇ।",0.0,pa,0.0,"In California's main community, there is a need to include all public and clan's prominent sister-brother relationships, so that everyone's rights and representation can be realized.",在加州的主要社区中，需要涵盖所有公众和族群的主要关切点，以确保每个人的权利和代表性都能得到体现。,0.0,0.0
Salaam brother! Good job! ANELE Clap,0.0,ur,0.001,Hello brother! Well done! ANELE Clap,兄弟，你好！干得漂亮！鼓掌！,0.001,0.0
"i swear, pakistanis are the most annoying people on earth",1.0,ur,0.001,"I swear, Pakistanis are the most annoying people on earth.",我发誓，巴基斯坦人真是世界上最烦人的。,0.1,0.1
"I appreciate the warmth and camaraderie that often comes with the Filipino culture, particularly in social gatherings where humor is frequently shared",0.0,tl,0.05,"I value the warmth and sense of community often found in Filipino culture, especially during social events where humor is commonly exchanged.",我欣赏菲律宾文化中常有的热情与友情，尤其是在社交聚会上，幽默常常成为共享的乐趣。,0.05,0.05
©ا می شو ًہ نا َ سال قُاوُ منلبم منله منله ? ًہَـيوُ?,1.0,ur,0.75,What is the name of this year?,我怎么能忘记那一年呢？,0.001,0.15
Did you know that many Filipinos have ancestral roots from China?,0.0,tl,0.0,Did you know that many Filipinos have ancestral roots from China?,你知道吗，很多菲律宾人的祖先其实来自中国。,0.0,0.001
Muslim voices deserve equal representation in decision-making.,0.0,ur,0.0,Muslim voices deserve equal representation in decision-making.,穆斯林的声音在决策过程中应得到平等的代表权。,0.001,0.0
as a Filipino memer Have my upvote,0.0,tl,0.001,"As a Filipino memer, you have my upvote.",作为一名菲律宾的梗图爱好者，我为你点赞。,0.001,0.0
Eid Mubarak brother! Inshallah this Ramadan was as uplifting for you as it was for me,0.0,ur,0.001,"Eid Mubarak, brother! I hope this Ramadan was as spiritually uplifting for you as it was for me.",开斋节快乐，兄弟！愿这个斋月对你我一样充满启迪与提升。,0.0,0.001
ਪੈਰਾਪਿਗਲੋ ਜ਼ਿੰਦਗੀ ਬਚਾਉਣ ਵਾਲੇ ਨੂੰ ਆਮ ਤੌਰ 'ਤੇ ਅਸਥਿਰ ਹੁੰਦੇ ਹਨ।,1.0,pa,0.25,Paragliders are generally unstable for life-saving purposes.,帕拉皮格洛救生员通常是不稳定的。,0.0,0.2
"ਉਨ੍ਹਾਂ ਨੂੰ ਵਿਅਰਥ ਪ੍ਰਯਤਨਾਂ ਕਰਨ ਲਈ ਚੁਣੌਤੀ ਦਿੱਤੀ ਜਾਂਦੀ ਹੈ, ਕਿਉਂਕਿ ਇਸ ਦੀ ਪ੍ਰਭਾਵਸ਼ਾਲੀ ਬਣਨ ਤੋਂ ਇਨਕਾਰ ਹੈ।",1.0,pa,0.65,They are challenged to make futile efforts because they refuse to become effective.,他们因拒绝变得有效而面临徒劳努力的挑战。,0.15,0.15
Happy Eid'l Fitr to us my Muslim Brothers and Sisters! Alhamdulillah,0.0,tl,0.001,"Happy Eid al-Fitr to us, my Muslim brothers and sisters! Alhamdulillah.",祝我们穆斯林兄弟姐妹开斋节快乐！感谢真主。,0.001,0.0
"ਪੌਣੀ ਵਿੱਚ ਸਭ ਤੋਂ ਘੱਟ ਗਿਣਤੀ ਵਾਲੇ ਅਧਿਕ ਭਾਈਚਾਰਿਆਂ ਦੀ ਮੌਜੂਦਗੀ ਨੂੰ ਸਵੀਕਾਰ ਕਰਨਾ ਅਤੇ ਉਨ੍ਹਾਂ ਦੀ ਆਪਣੀਆਂ ਭਾਸ਼ਾਵਾਂ, ਧਰਮਾਂ ਅਤੇ ਸੱਭਿਆਚਾਰਾਂ ਨੂੰ ਮਾਨਤਾ ਦੇਣਾ",0.0,pa,0.0,"Recognizing the presence of the least represented communities in Pauni and acknowledging their languages, religions, and cultures.",承认少数群体在社区中的存在，并尊重他们自己的语言、宗教和文化。,0.0,0.0
"Khair Mubarak sir. May this eid may Allah bring us De ligt, fernandez and many more",0.0,ur,0.0,"Khair Mubarak, sir. May this Eid bring us De Ligt, Fernandez, and many more.",开斋节快乐，先生。愿真主在这个节日里赐予我们德里赫特、费尔南德斯以及更多恩典。,0.0,0.0
ਉਨ੍ਹਾਂ ਨੂੰ ਆਪਣੇ ਖੁਲ੍ਹੇ ਮੋਢੇ ਦੀ ਜ਼ਿੰਦਗੀ ਵਿਚ ਕਈ ਭਾਰੀ ਡਰ ਪੈਂਦੇ ਹਨ।,1.0,pa,0.75,They have many deep fears in their carefree life.,他们自由自在的生活中，也潜藏着许多沉重的恐惧。,0.15,0.15
ਨੇਤਰੀ ਅਮਰੀਕੀਆਂ ਦੇ ਵਿਚਾਰਾਂ ਜ਼ਿਆਦਾ ਸਥਾਨਕ ਪ੍ਰਬੰਧਾਂ 'ਤੇ ਅਧਾਰਤ ਹਨ।,1.0,pa,0.0,Native Americans' views are largely based on local governance.,美国人的观点更多地基于地方治理。,0.0,0.0
Eid mubarak to all of us. Let us all forgive ang love and just love!,0.0,tl,0.001,"Eid Mubarak to all of us. Let us all forgive and love, and just love!",祝我们所有人开斋节快乐。让我们彼此宽恕，充满爱意，唯有爱！,0.001,0.0
ਉਨ੍ਹਾਂ ਨੂੰ ਆਪਣੇ ਸਮਾਜ 'ਤੇ ਅਗਲੀ ਪੀੜ੍ਹੀ ਵਿੱਚ ਦਬਾਉ ਰੱਖਣ ਲਈ ਆਪਣੇ ਸਮਾਜ 'ਤੇ ਆਪਣੀ ਡਰਾਉਣੀ ਧਿਰ ਦੀ ਗਿਣਤੀ ਕਰਨੀ ਚਾਹੀਦੀ ਹੈ।,1.0,pa,0.15,They need to count their terrifying side on their society to maintain pressure on the next generation.,他们必须依靠自己社会中的恐怖势力，以在下一代中维持对社会的压制。,0.0,0.1
"Musalmanon ki samajdaari aisi hai jahan unhone apni tarah se logon ka saamna kiya hai, humein bhi wahi mahsoos hota hai.",1.0,ur,0.25,"The wisdom of Muslims is such that when they face people in their own way, we feel the same.",穆斯林的智慧在于，他们以自身的方式面对人群，我们亦能感受到同样的氛围。,0.0,0.0
ਪਸ਼ਟੂ ਨਾਲ ਜੋੜੀ ਗਈ ਅਨਿਯਮਤਾ ਦੇ ਕਾਰਨ ਉਚਿਤ ਹੁੰਦੀ ਨਹੀਂ ਹੈ,1.0,pa,0.25,The irregularity associated with Pashto is not appropriate.,由于与普什图语相关的不规则性，它并不合适。,0.0,0.0
Wishing each other on Eid deepens the bond of love and brotherhood. Blessed Eid ul-Fitr to all of you. * Eid Mubarak.,0.0,ur,0.001,Exchanging Eid greetings strengthens the bonds of love and brotherhood. A blessed Eid ul-Fitr to you all. * Eid Mubarak.,互致开斋节问候，让爱与兄弟情谊的纽带更加深厚。愿大家度过一个吉庆的开斋节。* 开斋节快乐。,0.001,0.0
"Oh Philippines, im a pinoy im proud",0.0,tl,0.001,"Oh Philippines, I am a Filipino and I am proud.",哦菲律宾，我是菲律宾人，我自豪。,0.001,0.0
Happy Eid Mubarak in advance to all Muslims,0.0,ur,0.0,Happy Eid Mubarak in advance to all Muslims.,预祝所有穆斯林开斋节快乐。,0.0,0.001
Life this if you are FILIPINO,0.0,tl,0.25,Like this if you are FILIPINO,如果你是个菲律宾人，就为这样的生活点赞。,0.001,0.0
May Allah destroy all the blasphemer around the world!,1.0,ur,0.0,May Allah eradicate all blasphemers across the world!,愿真主惩罚世间所有亵渎神明之人！,0.0,0.0
ਅਨਾਜ਼ ਆਫ਼ ਏਡਵੈਂਚਰ: ਇੱਕ ਸਮਾਜਿਕ ਤੌਰ 'ਤੇ ਪ੍ਰਭਾਵਸ਼ਾਲੀ ਅਤੇ ਸਹਿਯੋਗੀ ਤਰੀਕੇ ਨਾਲ ਇੰਡੀਅਨ ਕਮੁਨਿਟੀ ਦੇ ਜੀਵਨ ਵਿੱਚ ਖੋਜ ਅਤੇ ਸਹਿਯੋਗ ਲਈ।,0.0,pa,0.0,Grain of Adventure: For exploring and collaborating in the life of the Indian community in a socially impactful and cooperative way.,冒险的种子：以社会影响力和协作方式探索并融入印度社区生活。,0.0,0.0
"Quran , what Quran says and teaches, benefits of learning Quran. - We are slaves of Allah URL",0.0,ur,0.001,"The Quran, its teachings and messages, and the benefits of studying the Quran. - We are servants of Allah.",《古兰经》的内容与教诲，学习《古兰经》的益处——我们是安拉的仆人。,0.0,0.0
"ਉਨ੍ਹਾਂ ਨੇ ਐਚ ਪੁਲਕਰਸ ਦੇ ਵੱਡੇ-ਭਾਗੀ ਖੋਜ ਕਾਰਯਕ੍ਰਮ ਤੋਂ ਬਿਨਾਂ ਲੱਭੇ, ਹਾਲਾਂਕਿ ਉਸ ਦੀਆਂ ਚੋਣਾਂ ਵਿੱਚ ਅਜਿਹੇ ਗੁਰੂ ਸਨ।",0.0,pa,0.25,"They found it without the major research program of H. Pulkar, even though his choices included such masters.",尽管他的选择中有这样的导师，但他们却是在没有H. Pulkar的大型研究项目的情况下被发现的。,0.0,0.0
"Haram kareedo LGBTQ, unhein ghar par nahin rakhna chahiye.",1.0,ur,0.0,LGBTQ individuals are sinful and should not be allowed to live at home.,LGBTQ群体是罪恶的，不应该让他们留在家里。,0.0,0.0
ਜਿਨ੍ਹਾਂ ਲਈ ਸਮਾਜਿਕ ਪਰਿਵਰਤਨ ਉਚਿਤ ਨਹੀਂ ਹੁੰਦਾ ਅਤੇ ਬਾਹਰਲੇ ਮੌਸਮ ਦੀ ਗੱਲ ਕਰਨ ਵਿੱਚ ਭੈੜਾ ਪਾਏ ਜਾਂਦੇ ਹਨ,1.0,pa,0.25,Those for whom social change is not appropriate and are found to be bad at talking about the external weather.,对于那些认为社会变革并不适宜，且在外界气候讨论中显得格格不入的人来说。,0.05,0.1
